var1_min,var2_min,var3_min,var4_min,var1_max,var2_max,var3_max,var4_max,var1_95th,var2_95th,var3_95th,var4_95th,obj1_min,obj2_min,obj1_max,obj2_max,obj1_95th,obj2_95th,cv1_min,cv1_max,cv1_95th
0.5101282559553386,0.5114350195119085,10.00170509783209,10.00490600384499,99.4809772130392,99.48862418066986,199.98838349169117,199.9896821822356,99.48036156454036,99.48795373985728,199.98796283593512,199.9884741338705,20.563751878400293,-58121167.259104975,661205.4431098776,-7752.660641684239,649599.9688314381,-8619.401870725269,0.0,4.049317331385317,4.044717824495816
