var1_min,var2_min,var3_min,var4_min,var5_min,var1_max,var2_max,var3_max,var4_max,var5_max,var1_95th,var2_95th,var3_95th,var4_95th,var5_95th,obj1_min,obj2_min,obj1_max,obj2_max,obj1_95th,obj2_95th,cv1_min,cv1_max,cv1_95th
9.750330888277547e-06,7.320602578440249e-07,3.5564657212394878e-06,1.8256231951762958e-06,4.7084259561815945e-07,0.9999984953110875,0.999998531395636,0.9999965103078845,0.9999991414816924,0.999966363528858,0.9999904418812634,0.9999854916854548,0.9999795087877683,0.9999874771279862,0.9999388377638649,0.0,0.15000000000000002,1.0,4.962462943457477,1.0,4.961052907029572,0.0,4.110158053102403,4.109865250550722
