var1_min,var2_min,var3_min,var4_min,var5_min,var1_max,var2_max,var3_max,var4_max,var5_max,var1_95th,var2_95th,var3_95th,var4_95th,var5_95th,obj1_min,obj2_min,obj1_max,obj2_max,obj1_95th,obj2_95th,cv1_min,cv1_max,cv1_95th
1.647801414240979e-08,1.830805183167944e-07,5.483172304913964e-07,2.5951742541399647e-08,1.7846695396237303e-06,0.9999996445557411,0.9999996657030414,0.9999998463638544,0.9999994464225652,0.9999978152876334,0.9999901159683019,0.99999,0.99999,0.9999900719142129,0.99999,0.0,0.15000000000000002,1.0,4.961809547740457,1.0,4.9008856426998255,0.0,4.109040813533922,4.071085176199721
