var1_min,var2_min,var3_min,var4_min,var5_min,var1_max,var2_max,var3_max,var4_max,var5_max,var1_95th,var2_95th,var3_95th,var4_95th,var5_95th,obj1_min,obj2_min,obj1_max,obj2_max,obj1_95th,obj2_95th,cv1_min,cv1_max,cv1_95th
2.0036400812280253e-07,8.812532546059737e-07,1.440507917145964e-05,6.012945797974345e-06,1.1238393477999318e-05,0.9999989385323613,19.999985182313203,19.999999114712924,19.999987263018543,19.999989630778067,0.99999,19.999824618287636,19.999800587206725,19.999886238449328,19.99987485504372,0.0,1.3739896127821576,0.9999989385323613,73.78826618638838,0.99999,66.42910483938188,0.0,1.2292079179532165,0.9973005602768537
