var1_min,var2_min,var3_min,var4_min,var1_max,var2_max,var3_max,var4_max,var1_95th,var2_95th,var3_95th,var4_95th,obj1_min,obj2_min,obj1_max,obj2_max,obj1_95th,obj2_95th,cv1_min,cv1_max,cv1_95th
0.5108403564517652,0.5101802351143063,10.000571133769288,10.00003914671508,99.48986943112568,99.4890102,199.99947575417104,199.99964691982166,99.48902552302776,99.48841306444426,199.99908896203132,199.99661623729668,29.51061766418024,-58529949.51210889,642777.8072912754,-7606.900658763682,606301.5202573298,-8518.306647644205,0.0,3.890576225330761,3.797053887022706
