var1_min,var2_min,var3_min,var4_min,var5_min,var6_min,var7_min,var8_min,var9_min,var10_min,var1_max,var2_max,var3_max,var4_max,var5_max,var6_max,var7_max,var8_max,var9_max,var10_max,var1_95th,var2_95th,var3_95th,var4_95th,var5_95th,var6_95th,var7_95th,var8_95th,var9_95th,var10_95th,obj1_min,obj2_min,obj1_max,obj2_max,obj1_95th,obj2_95th,cv1_min,cv1_max,cv1_95th
4.4834767009852595e-06,3.4088226303948e-06,8.734705070762932e-07,3.9512091068167054e-07,5.881551989958662e-06,3.1670721866355024e-06,3.571782184381948e-06,2.604402092215068e-06,2.7474191561079965e-05,1.1965842555295884e-05,1.4142065301522522,1.4142058689119392,1.4142130941369249,1.414204959327012,1.4142085714939436,1.4142090193325252,1.414212996126374,1.414210960877326,1.4142060923090547,1.4142059171995462,1.4141985994172475,1.4141883472951289,1.414202857151325,1.4141950062574125,1.4142038959028596,1.4141911188110285,1.4141856235812504,1.414198609100069,1.4141947452323609,1.4141906294830062,2.174277527447957e-05,0.025832702173156467,19.859294297270726,18.60700870285531,17.855062306781107,18.027300991948703,0.0,701322.1384042001,445480.3093281912
