var1_min,var2_min,var3_min,var4_min,var5_min,var6_min,var7_min,var8_min,var9_min,var10_min,var11_min,var12_min,var13_min,var14_min,var15_min,var16_min,var17_min,var18_min,var19_min,var20_min,var1_max,var2_max,var3_max,var4_max,var5_max,var6_max,var7_max,var8_max,var9_max,var10_max,var11_max,var12_max,var13_max,var14_max,var15_max,var16_max,var17_max,var18_max,var19_max,var20_max,var1_95th,var2_95th,var3_95th,var4_95th,var5_95th,var6_95th,var7_95th,var8_95th,var9_95th,var10_95th,var11_95th,var12_95th,var13_95th,var14_95th,var15_95th,var16_95th,var17_95th,var18_95th,var19_95th,var20_95th,obj1_min,obj2_min,obj1_max,obj2_max,obj1_95th,obj2_95th,cv1_min,cv1_max,cv1_95th
1.9231399441729736e-05,-0.9999987257062184,-0.999996812614458,-0.9999921203276451,-0.9999708608125953,-0.9999924531523262,-0.9999994640607256,-0.9999530445386509,-0.9999946208321641,-0.9999937475391923,-0.9999962460127937,-0.9999555936277846,-0.9999988229878441,-0.9999966093421854,-0.9999553102084066,-0.9999691939736621,-0.9999941458397082,-0.999980276366702,-0.999990906245154,-0.9999879390063281,0.9999954672284154,0.9999981825464439,0.9999677188748228,0.9999998586618071,0.9999943279683154,0.9999983786537374,0.9999869489477269,0.9999856204436537,0.9999833666034645,0.9999652106431016,0.9999768232025175,0.9999990941751038,0.999989480777354,0.9999874961074502,0.9999991511148654,0.999998773304263,0.99999926165056,0.9999966632494264,0.9999797889964908,0.9999460755488878,0.9999932202516078,0.9999951202234147,0.9999577867863665,0.9999607780895197,0.9999753164948136,0.9999909390872287,0.9999740834312962,0.9999664037719245,0.9999657181086207,0.9999604906027001,0.9999766399548886,0.9999428521069723,0.99998604748513,0.9999784177097966,0.9999949407761785,0.9999949791579115,0.9999508477927452,0.9999851407333706,0.9999708413456655,0.9999282149026938,0.0,0.0,5.532810123524269,4.639605941397622,4.954014598497697,4.545095037723159,0.0,0.06961557981825839,0.06762001947356598
