var1_min,var2_min,var3_min,var4_min,var5_min,var6_min,var7_min,var8_min,var9_min,var10_min,var1_max,var2_max,var3_max,var4_max,var5_max,var6_max,var7_max,var8_max,var9_max,var10_max,var1_95th,var2_95th,var3_95th,var4_95th,var5_95th,var6_95th,var7_95th,var8_95th,var9_95th,var10_95th,obj1_min,obj2_min,obj1_max,obj2_max,obj1_95th,obj2_95th,cv1_min,cv1_max,cv1_95th
2.063598318812962e-07,6.854933266506325e-07,3.5305762390025475e-07,7.0222631784119804e-06,1.883828654701547e-06,8.196185968430136e-06,1.4358057630683985e-06,2.423318560228205e-06,6.824887428466542e-07,4.111249381766324e-06,0.9999999225372769,19.99999368586069,19.999999846536603,19.999997055347983,19.999998503289834,19.999999753949563,19.999997277816885,19.999998928318547,19.999994402591938,19.99999754880288,0.9999954137158578,19.999890767783622,19.99990239926459,19.999915473042794,19.99989135879788,19.99990444751283,19.999882285428118,19.999890638587836,19.99991040764281,19.999893256794554,0.0,0.8820931003081629,1.0,156.48622396763162,1.0,142.1208493165512,0.0,0.6394095738487502,0.1744887577259099
