var1_min,var2_min,var3_min,var1_max,var2_max,var3_max,var1_95th,var2_95th,var3_95th,obj1_min,obj2_min,obj3_min,obj4_min,obj5_min,obj1_max,obj2_max,obj3_max,obj4_max,obj5_max,obj1_95th,obj2_95th,obj3_95th,obj4_95th,obj5_95th,cv1_min,cv1_max,cv1_95th
0.010003226631449078,0.010000059868298772,0.010000169688596355,0.4499993948811576,0.09999970588405917,0.09999910000000001,0.44999719590612725,0.09999910000000001,0.09999896726199095,63845.82973213298,30.009679894347233,285348.60481750336,184242.75373169596,100.34833967124825,83052.80504526808,1349.9981846434728,2853460.5724346875,16020706.359296419,328152.50899069465,82763.6407869448,1349.9915877183817,2853443.283721096,15483671.122034172,271954.7985404365,0.0,72170.72983865664,51717.82212922869
