var1_min,var2_min,var3_min,var4_min,var5_min,var1_max,var2_max,var3_max,var4_max,var5_max,var1_95th,var2_95th,var3_95th,var4_95th,var5_95th,obj1_min,obj2_min,obj1_max,obj2_max,obj1_95th,obj2_95th,cv1_min,cv1_max,cv1_95th
7.845682587197289e-06,7.954944319715174e-06,1.0542459586037944e-06,5.776111994720834e-06,2.5672834223706254e-06,0.9999949090894055,0.9999808353925699,0.9999964160894426,0.9999977320290798,0.9999936463168615,0.9999856863887601,0.9999610730602742,0.9999921229971552,0.999992822154215,0.9999814209533988,0.0,0.08441350004616237,0.9999949090894055,4.508768098133138,0.9999856863887601,4.448718937382019,0.0,7.235227946134949,4.668199150078755
