var1_min,var2_min,var3_min,var4_min,var5_min,var6_min,var7_min,var8_min,var9_min,var10_min,var11_min,var12_min,var13_min,var14_min,var15_min,var16_min,var17_min,var18_min,var19_min,var20_min,var21_min,var22_min,var23_min,var24_min,var25_min,var1_max,var2_max,var3_max,var4_max,var5_max,var6_max,var7_max,var8_max,var9_max,var10_max,var11_max,var12_max,var13_max,var14_max,var15_max,var16_max,var17_max,var18_max,var19_max,var20_max,var21_max,var22_max,var23_max,var24_max,var25_max,var1_95th,var2_95th,var3_95th,var4_95th,var5_95th,var6_95th,var7_95th,var8_95th,var9_95th,var10_95th,var11_95th,var12_95th,var13_95th,var14_95th,var15_95th,var16_95th,var17_95th,var18_95th,var19_95th,var20_95th,var21_95th,var22_95th,var23_95th,var24_95th,var25_95th,obj1_min,obj2_min,obj1_max,obj2_max,obj1_95th,obj2_95th,cv1_min,cv1_max,cv1_95th
6.498108809475933e-06,2.765273867404508e-05,1.940294230195084e-05,1.940108793462708e-06,3.9737760960294535e-06,5.815765823612151e-07,6.627967124358397e-06,1.2935478135235774e-05,3.063964046775766e-06,1.8583062807303596e-06,1.3090566942930426e-07,3.488394590939192e-05,2.000196916845942e-05,2.7784561244716816e-06,4.6623820689792143e-05,6.27623886148977e-05,5.8450867235389226e-06,4.097211229823344e-06,2.1006306005983202e-05,5.360523457874095e-05,5.260690362563977e-05,6.456470813651256e-05,0.00011673791956866644,3.1235743347978774e-05,4.2738501037104665e-05,89.99997834781136,89.9999936344351,89.9999661947924,89.99993657717633,89.99999585780655,89.99997864318627,89.9999805177567,89.9999679255098,89.99997944394704,89.99998236988061,89.99997184712866,89.99998420008252,89.99996202368976,89.99998916834365,89.99996728769094,89.99996424350537,89.99997458555724,89.99993397728964,89.99997436171593,89.99998668480254,89.9999920354872,89.99999684646215,89.99998747152672,89.99996536740176,89.9999994770713,89.99978068621763,89.99988132331532,89.9998863437805,89.99973868801443,89.99982859524413,89.99982012255273,89.99986307686872,89.99972303726796,89.99990852647063,89.9997774769091,89.99980976187187,89.99970795122974,89.99978873707127,89.99991367420633,89.99982971948005,89.99982169542423,89.99990484622315,89.99968106746365,89.99977260995661,89.99984414849196,89.99990336410815,89.9997769301878,89.99984462101972,89.99976813994097,89.99980940947508,0.19974746271540922,2.3260475895326906e-13,9.857971877293892,22.98204081070202,8.110754880888402,17.024996738894032,0.0,205.85414106768332,190.07194954724204
