var1_min,var2_min,var3_min,var1_max,var2_max,var3_max,var1_95th,var2_95th,var3_95th,obj1_min,obj2_min,obj1_max,obj2_max,obj1_95th,obj2_95th,cv1_min,cv1_max,cv1_95th
136.0002604484478,56.000640028901714,1.4000180994424654,145.9999006094593,67.99990322307525,2.1999690818190465,145.99957436586678,67.99986819279275,2.199927347241505,0.8370628033014075,0.9820341729209308,1.2850718569190789,1.3268641106122125,1.2825420257505542,1.3257815889046778,0.0,19.99883868626878,19.998418330950656
