var1_min,var2_min,var3_min,var4_min,var5_min,var6_min,var7_min,var8_min,var9_min,var10_min,var11_min,var12_min,var13_min,var14_min,var15_min,var1_max,var2_max,var3_max,var4_max,var5_max,var6_max,var7_max,var8_max,var9_max,var10_max,var11_max,var12_max,var13_max,var14_max,var15_max,var1_95th,var2_95th,var3_95th,var4_95th,var5_95th,var6_95th,var7_95th,var8_95th,var9_95th,var10_95th,var11_95th,var12_95th,var13_95th,var14_95th,var15_95th,obj1_min,obj2_min,obj1_max,obj2_max,obj1_95th,obj2_95th,cv1_min,cv1_max,cv1_95th
-0.002959783333299523,0.0038839402248035614,0.037612109188419035,-0.09893090930058672,0.0006015490954860131,-0.08779728013384851,-0.31100511316761503,-0.37896827507763886,-0.09663063262272972,-0.0291552198329617,-3.9997294864755304,-3.999859127104943,-3.999999573700224,-3.9999376651267573,-3.9999448364410797,0.07828016064886706,0.1743962550180496,0.4136177698735164,0.2533668186984848,0.0971307420338547,-0.0023799061295166485,0.10301015016673637,0.19356763601929955,0.12432555956796291,0.06559443882597338,14.999926255998442,14.999899241277973,14.999509200283697,14.999969690412598,14.99987694387774,0.07827979424217862,0.17439468772017772,0.4136165496719427,0.25336671563817253,0.09713019296852553,-0.0023802635532826286,0.10300674861675069,0.19356448828317238,0.1243230281505813,0.06559160745540835,14.999825385860866,14.999764327874415,14.999459673888717,14.999886967546294,14.999857650672421,-57.90926520996436,0.0027227272727272725,15.461267221202549,0.22369090909090908,14.761941009181447,0.22075886363636363,0.0,5.907317135949424,5.615877595414903
