var1_min,var2_min,var3_min,var4_min,var5_min,var6_min,var7_min,var8_min,var9_min,var10_min,var11_min,var12_min,var13_min,var14_min,var15_min,var1_max,var2_max,var3_max,var4_max,var5_max,var6_max,var7_max,var8_max,var9_max,var10_max,var11_max,var12_max,var13_max,var14_max,var15_max,var1_95th,var2_95th,var3_95th,var4_95th,var5_95th,var6_95th,var7_95th,var8_95th,var9_95th,var10_95th,var11_95th,var12_95th,var13_95th,var14_95th,var15_95th,obj1_min,obj2_min,obj1_max,obj2_max,obj1_95th,obj2_95th,cv1_min,cv1_max,cv1_95th
-0.0029602545384234797,0.0038849103417551304,0.03761235406245614,-0.09893132628032011,0.0006006536639046735,-0.08779817437294084,-0.31101251820444764,-0.3789790125612099,-0.09663370330394042,-0.02915548869958902,-3.9999659832707364,-3.999982885714538,-3.999993292012065,-3.999962166324405,-3.9999745533714126,0.07828064930896099,0.17439633949113376,0.41361882340142775,0.2533708917192488,0.09713105904445293,-0.0023800661562835695,0.10301289896220134,0.19356857601583216,0.12432625969042958,0.06559435937367449,14.99999614861586,14.999974856103169,14.999998100591096,14.999973900752515,14.999951806660022,0.07827990739058151,0.17439600676118006,0.4136182374501164,0.25336740765055155,0.09713051320381318,-0.0023805671211057445,0.10301034831094143,0.193565557442734,0.12432556873181369,0.06559417547255914,14.999938780562413,14.999939439897174,14.999905793580911,14.999787342186414,14.999753811114969,-64.21792448837856,0.0016454545454545452,30.24633437487437,0.27666363636363633,12.163963794622454,0.25503045454545453,0.0,6.883395936467281,5.924267869726248
