var1_min,var2_min,var3_min,var4_min,var5_min,var1_max,var2_max,var3_max,var4_max,var5_max,var1_95th,var2_95th,var3_95th,var4_95th,var5_95th,obj1_min,obj2_min,obj1_max,obj2_max,obj1_95th,obj2_95th,cv1_min,cv1_max,cv1_95th
5.054674948909259e-07,8.188969287045711e-09,6.6518366869028e-07,1.950354633012755e-07,1.1503028066372526e-06,1.09999971021712,1.0999989411627253,1.0999998194452867,1.099999893336653,1.0999988517350485,1.0999927904924571,1.099989,1.099989702489238,1.09999266723061,1.099989006543439,2.816702925202841e-06,0.0,13.274141358475147,13.785761797019722,10.455741917452505,12.215939545474264,0.0,198.97504046641382,181.2200421954706
