var1_min,var2_min,var1_max,var2_max,var1_95th,var2_95th,obj1_min,obj2_min,obj1_max,obj2_max,obj1_95th,obj2_95th,cv1_min,cv1_max,cv1_95th
1.468369936718228e-05,-0.48998266279326336,1.599997536389762,1.4899915435927766,1.5999840533063976,1.4899661798159554,2.936739873436456e-05,-3.559992116453308,4.199995072779524,-2.1561102710578926e-10,4.199880292925058,-2.560000000000001e-10,0.0,1.249999999784389,1.249999999744
