var1_min,var2_min,var3_min,var4_min,var1_max,var2_max,var3_max,var4_max,var1_95th,var2_95th,var3_95th,var4_95th,obj1_min,obj2_min,obj1_max,obj2_max,obj1_95th,obj2_95th,cv1_min,cv1_max,cv1_95th
0.1250063169103079,0.10014353094734184,0.10008884457125099,0.12512587773023331,4.9995556063201265,9.99986239026704,9.999394718777593,4.999735266517887,4.999525284169875,9.999795332638788,9.999372800398724,4.999704270540098,0.052123212314960685,0.0004461975370352964,317.60724750070665,13494.578825202634,306.84548572371574,7525.135637000603,0.0,315880181.1993789,216660569.1687879
