var1_min,var2_min,var3_min,var4_min,var5_min,var6_min,var7_min,var8_min,var9_min,var10_min,var1_max,var2_max,var3_max,var4_max,var5_max,var6_max,var7_max,var8_max,var9_max,var10_max,var1_95th,var2_95th,var3_95th,var4_95th,var5_95th,var6_95th,var7_95th,var8_95th,var9_95th,var10_95th,obj1_min,obj2_min,obj1_max,obj2_max,obj1_95th,obj2_95th,cv1_min,cv1_max,cv1_95th
2.918368729755609e-07,4.847169797327873e-08,2.4964944000947983e-08,4.965489912731711e-07,1.332068016332995e-07,5.79557867814298e-07,1.01526799153239e-07,1.7135449869125847e-07,4.82592418150351e-08,2.907092316995969e-07,1.4142134528242616,1.414213115896023,1.4142135515215943,1.4142133541547541,1.4142134565397042,1.4142135449747018,1.4142133698856811,1.4142134865937728,1.4142131665765754,1.4142133890472846,1.4142070763878603,1.4142058384890026,1.4142066609589095,1.4142075854146319,1.4142058802800213,1.4142068057919315,1.414205238695893,1.414205829353481,1.4142072272367638,1.4142060144886535,1.4499914028941617e-06,0.005446694657987623,25.82489169095083,24.88448656193907,17.32430136354821,16.68350262924336,0.0,1952384.0398273417,391607.8545843266
