var1_min,var2_min,var3_min,var4_min,var5_min,var6_min,var7_min,var8_min,var9_min,var10_min,var1_max,var2_max,var3_max,var4_max,var5_max,var6_max,var7_max,var8_max,var9_max,var10_max,var1_95th,var2_95th,var3_95th,var4_95th,var5_95th,var6_95th,var7_95th,var8_95th,var9_95th,var10_95th,obj1_min,obj2_min,obj1_max,obj2_max,obj1_95th,obj2_95th,cv1_min,cv1_max,cv1_95th
2.4401780329581957e-06,4.9283072248606175e-05,3.487086767708947e-05,2.68259172642904e-06,7.368749958082166e-05,3.955460356255714e-06,1.812419318598213e-05,2.7354550864886695e-05,3.135004943841668e-05,0.00011775591635378934,0.999999102398363,19.999905444928302,19.999976403402506,19.999976337151008,19.999861150003394,19.99998610090416,19.99999055470669,19.9999019924971,19.999990670484564,19.999978806923377,0.9999961266326857,19.999566337717454,19.999704491868695,19.999595128625614,19.9997336497407,19.99987743819771,19.999871673517507,19.99978406962264,19.999715665511786,19.99975651682768,0.0,1.3739896127821576,0.999999102398363,156.57209489039676,0.9999961266326857,148.03461038245433,0.0,0.4988130111433139,0.47693822167011
