var1_min,var2_min,var1_max,var2_max,var1_95th,var2_95th,obj1_min,obj2_min,obj1_max,obj2_max,obj1_95th,obj2_95th,cv1_min,cv1_max,cv1_95th
3.5525461134968545e-06,2.913708649644395e-06,0.9999970247258814,0.9999924313490809,0.99999,0.99999,0.0,0.0,2.169538496009192,2.726470459023357,2.1684826900972674,2.7235715923316146,0.0,7.514689839414253,7.464793387497057
