var1_min,var2_min,var3_min,var4_min,var5_min,var1_max,var2_max,var3_max,var4_max,var5_max,var1_95th,var2_95th,var3_95th,var4_95th,var5_95th,obj1_min,obj2_min,obj1_max,obj2_max,obj1_95th,obj2_95th,cv1_min,cv1_max,cv1_95th
1.3595091662060855e-06,0.00012637376042701608,3.5153868620332766e-05,7.079715762359485e-05,2.4167935744173086e-05,0.9999988853261862,19.999957836547317,19.999951118553945,19.999879701123003,19.999710939735657,0.9999838090430365,19.99968505773822,19.999262241598363,19.999726031664075,19.999381129746048,0.0,0.8820931003081629,1.0,76.2255134465834,1.0,74.45897121009115,0.0,0.8532581911500976,0.8414760315366254
