var1_min,var2_min,var3_min,var4_min,var5_min,var6_min,var7_min,var8_min,var9_min,var10_min,var1_max,var2_max,var3_max,var4_max,var5_max,var6_max,var7_max,var8_max,var9_max,var10_max,var1_95th,var2_95th,var3_95th,var4_95th,var5_95th,var6_95th,var7_95th,var8_95th,var9_95th,var10_95th,obj1_min,obj2_min,obj3_min,obj1_max,obj2_max,obj3_max,obj1_95th,obj2_95th,obj3_95th,cv1_min,cv1_max,cv1_95th
-0.0029597684299229043,0.003884305077990418,0.037620225332552625,-0.09892539776784072,0.0006006485914750116,-0.08779823952668982,-0.31100978950344943,-0.3789755021140771,-0.09663385250026675,-0.02915445489179822,0.0782806101887168,0.17439524871913561,0.41361960274241466,0.2533671816047912,0.09713054609917239,-0.002380472432500863,0.10300742426740006,0.19356369932491896,0.12432355766445417,0.06559451461271867,0.0782805674002904,0.17439476779133148,0.41361560891105287,0.253361231406206,0.09713022602244048,-0.0023809159242631564,0.10299856587374986,0.19356322062674047,0.12432275133774583,0.06559382668930545,0.003695,-0.4007649344134525,0.2362434495729452,0.1618325,-0.0138903168337847,46.191492286229675,0.12907649999999987,-0.014190661579185497,44.55098058289233,0.0,65.89444341233657,61.38653989686032
