var1_min,var2_min,var3_min,var4_min,var5_min,var1_max,var2_max,var3_max,var4_max,var5_max,var1_95th,var2_95th,var3_95th,var4_95th,var5_95th,obj1_min,obj2_min,obj1_max,obj2_max,obj1_95th,obj2_95th,cv1_min,cv1_max,cv1_95th
6.498536241940914e-07,1.0528137661451618e-08,8.55192514300805e-07,2.507470884948944e-07,1.478885299983853e-06,1.414213189814114,1.4142122010803366,1.4142133302431636,1.4142134252415024,1.4142120861077607,1.414204293479145,1.4141994202374715,1.414200323391842,1.4142041350077121,1.4141994286500352,2.1049796032941745e-06,0.0031361011961307103,16.25092371174853,10.846535636716123,9.438833579859239,8.115945455092955,0.0,299585.67374392657,32955.8071891731
