var1_min,var2_min,var3_min,var4_min,var5_min,var1_max,var2_max,var3_max,var4_max,var5_max,var1_95th,var2_95th,var3_95th,var4_95th,var5_95th,obj1_min,obj2_min,obj1_max,obj2_max,obj1_95th,obj2_95th,cv1_min,cv1_max,cv1_95th
1.245668680419323e-05,3.7087956310598165e-06,8.915403412121467e-06,5.079076480868589e-06,8.849220293083144e-06,1.41419812881162,1.4142054095006664,1.4142088933926866,1.4142031445540642,1.4142076621638526,1.414172697222238,1.4141964786696304,1.41418964294296,1.4141959431591713,1.414156787352498,5.361836864840007e-05,0.014634730390419078,14.432500998627123,12.288244823254345,13.58672005525198,11.932182780308102,0.0,187224.54313986973,152669.592063794
