var1_min,var2_min,var3_min,var4_min,var5_min,var1_max,var2_max,var3_max,var4_max,var5_max,var1_95th,var2_95th,var3_95th,var4_95th,var5_95th,obj1_min,obj2_min,obj3_min,obj1_max,obj2_max,obj3_max,obj1_95th,obj2_95th,obj3_95th,cv1_min,cv1_max,cv1_95th
6.892738566694444e-07,1.1166776300516879e-08,9.070686391231091e-07,2.6595744995628473e-07,1.568594736323526e-06,1.499999604841527,1.499998556130989,1.499999753789027,1.4999998545499813,1.4999984341841568,1.4999901688533506,1.4999850000000001,1.49998595793987,1.4999900007690135,1.4999850089228715,0.0,0.0,0.053377,1.499999604841527,1.499998556130989,41.6438552834245,1.4999901688533506,1.4999850000000001,29.24520621518626,0.0,37.14589379029677,24.328805958734552
