var1_min,var2_min,var3_min,var4_min,var5_min,var6_min,var7_min,var8_min,var9_min,var10_min,var1_max,var2_max,var3_max,var4_max,var5_max,var6_max,var7_max,var8_max,var9_max,var10_max,var1_95th,var2_95th,var3_95th,var4_95th,var5_95th,var6_95th,var7_95th,var8_95th,var9_95th,var10_95th,obj1_min,obj2_min,obj3_min,obj1_max,obj2_max,obj3_max,obj1_95th,obj2_95th,obj3_95th,cv1_min,cv1_max,cv1_95th
0.5100627131415816,0.5100683575718757,0.5100051957592839,250.00030179156923,250.06535421953154,250.0004449892901,6.00001268693523,4.000016412730519,40.00209530823575,10.002590630159784,3.4899450500793057,3.4899859112943172,3.4899929387260658,2499.9391742221746,2499.965522831081,2499.998436351718,19.999948052008627,15.999873661743276,699.9973159960982,449.9994244935834,3.489915045134859,3.489936286416768,3.4899564447089033,2499.9378839027017,2499.9250340194003,2499.9408856329837,19.999910171462258,15.999833379876298,699.9903599661686,449.9945011097333,25102.640406908613,11807.491904007627,589.4139526866327,240386.8528371089,197516.81411759014,43732.15961092719,236948.18834812223,186094.31934210757,39663.453971861556,0.0,37732.15961092719,33663.45410911705
