var1_min,var2_min,var3_min,var4_min,var5_min,var6_min,var7_min,var8_min,var9_min,var10_min,var1_max,var2_max,var3_max,var4_max,var5_max,var6_max,var7_max,var8_max,var9_max,var10_max,var1_95th,var2_95th,var3_95th,var4_95th,var5_95th,var6_95th,var7_95th,var8_95th,var9_95th,var10_95th,obj1_min,obj2_min,obj1_max,obj2_max,obj1_95th,obj2_95th,cv1_min,cv1_max,cv1_95th
4.755445167837851e-06,3.6156023967214903e-06,9.264553780801487e-07,4.1908901299742004e-07,6.238327944001503e-06,3.359187329515906e-06,3.788447105246662e-06,2.76238557051256e-06,2.914078074068679e-05,1.2691692620190426e-05,1.4999925412034327,1.4999918398521688,1.4999995033605433,1.4999908750916637,1.4999947063732617,1.4999951813778085,1.4999993994046554,1.4999972406970505,1.4999920768005917,1.4999918910689103,1.4999841293886804,1.499973255371073,1.499988645397638,1.4999803182671525,1.4999897471600194,1.4999761950076032,1.4999703664362427,1.4999841396588636,1.4999800414082762,1.499975675996859,0.0,0.00070354,32.48136977521166,77.58058256898383,29.614769117053363,74.97779868032859,0.0,1434585257741600.8,66714737427515.08
