var1_min,var2_min,var3_min,var4_min,var5_min,var6_min,var7_min,var8_min,var9_min,var10_min,var1_max,var2_max,var3_max,var4_max,var5_max,var6_max,var7_max,var8_max,var9_max,var10_max,var1_95th,var2_95th,var3_95th,var4_95th,var5_95th,var6_95th,var7_95th,var8_95th,var9_95th,var10_95th,obj1_min,obj2_min,obj1_max,obj2_max,obj1_95th,obj2_95th,cv1_min,cv1_max,cv1_95th
4.74860063060141e-07,1.1786769362615024e-08,5.911939723315593e-08,1.7280746627667404e-07,3.624061156242645e-07,7.46131250528928e-07,3.652413622717496e-08,9.203897031627092e-08,4.621365477016498e-08,3.7294737485760177e-08,1.4999995972538716,1.4999997223241266,1.4999999683935255,1.4999999101765744,1.4999999653754763,1.4999995148391654,1.4999999985353896,1.4999999219063724,1.499999837003199,1.4999999950157872,1.4999943548644383,1.499992800516516,1.4999909074062792,1.4999923234651513,1.499993037736686,1.4999917389309767,1.4999937043058424,1.499993111594698,1.499993559723089,1.4999915281427068,0.0,0.00070354,26.839925506046534,74.0347120588319,22.050131711670737,61.55888926973161,0.0,16315079797365.828,56095583635.38172
