var1_min,var2_min,var3_min,var4_min,var5_min,var6_min,var1_max,var2_max,var3_max,var4_max,var5_max,var6_max,var1_95th,var2_95th,var3_95th,var4_95th,var5_95th,var6_95th,obj1_min,obj2_min,obj3_min,obj1_max,obj2_max,obj3_max,obj1_95th,obj2_95th,obj3_95th,cv1_min,cv1_max,cv1_95th
150.00024262887476,20.000009312181117,13.000025887024337,10.000000704571606,14.000004821888762,0.6300000618185145,274.319900253133,32.309950227028146,24.99999973689866,11.709998046844635,17.999984399169627,0.7499998376271892,274.31933315822596,32.30988210601879,24.99988968981233,11.709987008994057,17.999961618784166,0.749998823547079,-77016869.6182392,3252.0143525724957,-925.8496991033174,339727934.11834437,14198.25948598869,8831.000396465817,5004638.999214465,13371.18001130422,8395.878527224124,0.0,10.627687869822868,9.574620521716996
