var1_min,var2_min,var3_min,var4_min,var5_min,var6_min,var7_min,var8_min,var9_min,var10_min,var11_min,var12_min,var13_min,var14_min,var15_min,var16_min,var17_min,var18_min,var19_min,var20_min,var1_max,var2_max,var3_max,var4_max,var5_max,var6_max,var7_max,var8_max,var9_max,var10_max,var11_max,var12_max,var13_max,var14_max,var15_max,var16_max,var17_max,var18_max,var19_max,var20_max,var1_95th,var2_95th,var3_95th,var4_95th,var5_95th,var6_95th,var7_95th,var8_95th,var9_95th,var10_95th,var11_95th,var12_95th,var13_95th,var14_95th,var15_95th,var16_95th,var17_95th,var18_95th,var19_95th,var20_95th,obj1_min,obj2_min,obj3_min,obj1_max,obj2_max,obj3_max,obj1_95th,obj2_95th,obj3_95th,cv1_min,cv1_max,cv1_95th
0.0005555348245357093,-0.00524481943643652,0.008856600244942489,0.02105397943155472,-0.050486188900361724,0.052719683753706406,-0.09963604326528536,-0.01614592790647424,-0.014446225624886773,0.0009630899345845665,-0.03976524642970424,-0.1245947421576049,-0.24709602254121896,-0.35527826332434786,-0.17082356452281905,-0.31966443233643604,-0.10135970408942063,-0.06827540565883126,-0.03161376300077336,-0.00449504164162292,0.037396166440831616,0.09159054892753977,0.20713909460861601,0.1806615505169652,0.3813517196457962,0.2477293731129276,0.23707762313142228,0.18901290278087737,0.07910425143324637,0.022937108921606626,-0.004962756606086194,0.02715107047860718,0.0794722759294402,0.11107812570502773,0.17711938311817269,0.11147735902517525,0.1475114088131853,0.07201332423673565,0.06630640942111041,0.013224876447156267,0.037395776082416045,0.09159051759126129,0.20713834884181756,0.1806612295139716,0.38134749456325745,0.24772852372176155,0.23707733522729138,0.18900969602411183,0.07910362864114731,0.02293708224912915,-0.0049631487556190046,0.027150524726497736,0.07946483882383913,0.11107675739616484,0.1771183240712007,0.11147705925575631,0.14751111587956586,0.07201270842863583,0.06630500516931535,0.013224805678887463,0.0035875000000000004,-0.3750229635907547,0.25410096413844524,0.10929,-0.01974492167042287,42.39365766329262,0.07343699999999989,-0.021634872123105588,35.528115017534155,0.0,63.272928770732015,50.35350557282481
