var1_min,var2_min,var3_min,var4_min,var5_min,var6_min,var7_min,var8_min,var9_min,var10_min,var1_max,var2_max,var3_max,var4_max,var5_max,var6_max,var7_max,var8_max,var9_max,var10_max,var1_95th,var2_95th,var3_95th,var4_95th,var5_95th,var6_95th,var7_95th,var8_95th,var9_95th,var10_95th,obj1_min,obj2_min,obj3_min,obj1_max,obj2_max,obj3_max,obj1_95th,obj2_95th,obj3_95th,cv1_min,cv1_max,cv1_95th
0.5100008112643697,0.5100098082530817,0.510000052605586,250.0051597366772,250.00155679073202,250.00802045092712,6.000057553038602,4.00001241086984,40.00044633464257,10.000479301085884,3.489996858537342,3.4899970547599057,3.4899993947215497,2499.994392186958,2499.9985252804277,2499.999972319326,19.999998751968164,15.99995602845177,699.999645601166,449.99994607366335,3.4899832979510133,3.4899873966156836,3.4899671458166592,2499.989636840377,2499.9971427153455,2499.99001702777,19.99993321363445,15.999891486447309,699.9934582568708,449.9970450748627,25420.11706505334,11808.324759170562,891.6363338585654,240898.6718099656,197793.13242913908,33629.27178404893,236337.1973285596,196402.1696988259,23996.959782896105,0.0,27629.271784048928,17996.959782896105
