var1_min,var2_min,var1_max,var2_max,var1_95th,var2_95th,obj1_min,obj2_min,obj1_max,obj2_max,obj1_95th,obj2_95th,cv1_min,cv1_max,cv1_95th
1.670021618179272e-05,-0.48993288293545073,1.5999762365943053,1.48991070911706,1.5999750514414208,1.489837772572938,3.340043236358544e-05,-3.5599239576664763,4.199952473188611,-2.788972205186114e-10,4.199950102882841,-2.9456167876577846e-08,0.0,1.2499999997211029,1.249999970543832
