var1_min,var2_min,var3_min,var4_min,var5_min,var6_min,var7_min,var8_min,var9_min,var1_max,var2_max,var3_max,var4_max,var5_max,var6_max,var7_max,var8_max,var9_max,var1_95th,var2_95th,var3_95th,var4_95th,var5_95th,var6_95th,var7_95th,var8_95th,var9_95th,obj1_min,obj2_min,obj3_min,obj1_max,obj2_max,obj3_max,obj1_95th,obj2_95th,obj3_95th,cv1_min,cv1_max,cv1_95th
2.9107526775958846e-05,0.0006394663632071356,0.0009684393405647603,0.0014312981259704384,1024.2972583017477,0.00345628127622765,100.00931825709509,100.0025332081838,100.00004455709593,9.99998020728745,199.99736507613267,99.9955133527267,199.99982769110494,1999999.6136140118,599.9893167489569,599.9936321474065,599.997222963911,899.9924965464386,9.999777310650853,199.99593867545474,99.99444429234755,199.99811140397446,1999979.1626575945,599.9780942279509,599.9896644085023,599.9921605576045,899.9824269095315,25.344461979740174,-86.39881006789264,-1993986.2872259072,979.621144867671,398786.31377900817,23628689.45338314,979.1048301802518,397232.5287437835,23568007.70228478,0.0,10727432.438257258,10681550.394623252
