var1_min,var2_min,var3_min,var4_min,var5_min,var6_min,var7_min,var8_min,var9_min,var1_max,var2_max,var3_max,var4_max,var5_max,var6_max,var7_max,var8_max,var9_max,var1_95th,var2_95th,var3_95th,var4_95th,var5_95th,var6_95th,var7_95th,var8_95th,var9_95th,obj1_min,obj2_min,obj3_min,obj1_max,obj2_max,obj3_max,obj1_95th,obj2_95th,obj3_95th,cv1_min,cv1_max,cv1_95th
7.700749328990592e-06,0.00013895249568428303,0.00013296302981595856,8.882477797039767e-06,1001.7536175080461,0.0008998620120673206,100.00022225704072,100.00013899608074,100.00001549561362,9.999999973655509,199.9999202413829,99.99996214222546,199.9999149738428,1999999.1597768096,599.999558188753,599.9999031667958,599.9998014245007,899.9993818480312,9.999938170481474,199.99834644193857,99.99951032941556,199.9990876503587,1999990.5669433968,599.9964883511067,599.9977564892171,599.9983939088838,899.9956440561441,3.5284206775537483,-98.8986184815215,-1999321.2429328251,979.9769711413288,362495.71517756337,23844534.046689317,977.4314073604863,273019.2966944595,23265145.215976037,0.0,10867357.422300564,10039825.096335726
