var1_min,var2_min,var3_min,var4_min,var5_min,var1_max,var2_max,var3_max,var4_max,var5_max,var1_95th,var2_95th,var3_95th,var4_95th,var5_95th,obj1_min,obj2_min,obj1_max,obj2_max,obj1_95th,obj2_95th,cv1_min,cv1_max,cv1_95th
9.689028481398217e-06,2.884765994833181e-06,6.934556430697251e-06,3.950594363966014e-06,6.883078045197968e-06,1.0999879955064256,1.0999936585534815,1.0999963683855212,1.0999918968384699,1.0999954107142378,1.0999682143721863,1.0999867119971758,1.0999813950496242,1.0999862954677908,1.0999558393977271,1.999095783621837e-05,0.0,13.414664790120504,14.08016549231958,13.184589393386295,13.689867819889963,0.0,199.29664438451329,195.0441472861174
