var1_min,var2_min,var1_max,var2_max,var1_95th,var2_95th,obj1_min,obj2_min,obj1_max,obj2_max,obj1_95th,obj2_95th,cv1_min,cv1_max,cv1_95th
1.8575828542875538e-06,2.8467762960889654e-05,0.9999981843608272,0.99996840779487,0.9999626458635826,0.999899670859268,1.3213681196762463e-11,0.0,4.0082506320801485,4.012510532758253,3.9938907182751837,4.0124450815113,0.0,7692.113711432053,7584.41140236163
