var1_min,var2_min,var1_max,var2_max,var1_95th,var2_95th,obj1_min,obj2_min,obj1_max,obj2_max,obj1_95th,obj2_95th,cv1_min,cv1_max,cv1_95th
3.5525461134968545e-06,2.913708649644395e-06,0.9999970247258814,0.9999924313490809,0.99999,0.99999,3.606033726082407e-11,0.0,4.012389007104217,4.0125210528957735,3.999184466798825,4.012518157986159,0.0,7723.290989600999,7622.180543165525
