var1_min,var2_min,var3_min,var4_min,var5_min,var6_min,var7_min,var8_min,var9_min,var1_max,var2_max,var3_max,var4_max,var5_max,var6_max,var7_max,var8_max,var9_max,var1_95th,var2_95th,var3_95th,var4_95th,var5_95th,var6_95th,var7_95th,var8_95th,var9_95th,obj1_min,obj2_min,obj1_max,obj2_max,obj1_95th,obj2_95th,cv1_min,cv1_max,cv1_95th
7.700749328990592e-05,0.00013895249568428303,0.00013296302981595856,4.441238898519884e-06,8.772473777118872e-05,0.0001499770020112201,8.89028162875255e-05,2.779921614709524e-05,3.873903405525458e-06,99.99999973655508,199.9999202413829,99.99996214222546,99.9999574869214,99.9999579678244,99.99992636479216,199.99996126671832,99.99996028490014,199.9998454620078,99.99938170481475,199.99834644193857,99.99951032941556,99.99954382517934,99.99952811122546,99.99941472518444,199.99910259568682,99.99967878177677,199.99891101403603,-3788.6249772598576,1.2566005827451265,2115.9651045659407,1999.3360392835336,1814.5699627373774,1983.1061019804717,0.0,74660.86842031256,70182.174222997
