var1_min,var2_min,var3_min,var1_max,var2_max,var3_max,var1_95th,var2_95th,var3_95th,obj1_min,obj2_min,obj3_min,obj4_min,obj5_min,obj1_max,obj2_max,obj3_max,obj4_max,obj5_max,obj1_95th,obj2_95th,obj3_95th,obj4_95th,obj5_95th,cv1_min,cv1_max,cv1_95th
0.010011459731702475,0.010004800216762831,0.010002036187277361,0.4499956268162088,0.09999927417306437,0.09999652170464272,0.44998127209813893,0.09999901144594558,0.09999182656466933,63897.6659175252,30.034379195107427,285483.86918975535,185116.5218605191,101.97936144385906,83002.23948244262,1349.9868804486264,2853448.253695433,15926359.612754157,287550.2309072718,82936.26538479082,1349.9438162944166,2853440.756858636,15857440.952311099,286027.00719582796,0.0,57450.55914956884,56835.20171963428
