var1_min,var2_min,var3_min,var4_min,var5_min,var1_max,var2_max,var3_max,var4_max,var5_max,var1_95th,var2_95th,var3_95th,var4_95th,var5_95th,obj1_min,obj2_min,obj3_min,obj1_max,obj2_max,obj3_max,obj1_95th,obj2_95th,obj3_95th,cv1_min,cv1_max,cv1_95th
8.808207710362015e-06,2.622514540757437e-06,6.304142209724773e-06,3.591449421787285e-06,6.257343677452698e-06,0.9999890868240231,0.9999942350486195,0.9999966985322919,0.9999926334895181,0.9999958279220342,0.9999711039747148,0.9999879199974323,0.9999830864087492,0.9999875413343553,0.9999598539979337,0.0,0.0,0.0,9.721124852497912,9.587523189128836,9.975454976824915,9.398191898855016,9.471453979063778,9.900568669783791,0.0,99.01342509277323,98.6786482006447
