var1_min,var2_min,var3_min,var4_min,var5_min,var1_max,var2_max,var3_max,var4_max,var5_max,var1_95th,var2_95th,var3_95th,var4_95th,var5_95th,obj1_min,obj2_min,obj1_max,obj2_max,obj1_95th,obj2_95th,cv1_min,cv1_max,cv1_95th
4.6549898063182743e-07,5.720116245822721e-07,8.734968362685003e-08,5.60403840508053e-07,2.6520181073234894e-07,0.9999997878812465,0.999999948065496,0.9999999618609133,0.9999998657801206,0.9999998401128825,0.9999933330806954,0.99999,0.9999904652187533,0.9999921170476722,0.9999925917740926,0.0,0.28726010748942243,0.9999997878812465,4.2519886827511035,0.9999933330806954,3.785121631291576,0.0,1.4416651042250449e+19,0.6733014361091716
