var1_min,var2_min,var1_max,var2_max,var1_95th,var2_95th,obj1_min,obj2_min,obj1_max,obj2_max,obj1_95th,obj2_95th,cv1_min,cv1_max,cv1_95th
2.0433411397163093e-06,3.131453925697862e-05,1.09999800279691,1.099965248574357,1.0999589104499408,1.0998896379451948,8.153065336270875e-06,0.0,4.399011969729307,4.413746808458974,4.387392082569609,4.4132168372288225,0.0,18.481393976475566,18.48137292463872
