var1_min,var2_min,var1_max,var2_max,var1_95th,var2_95th,obj1_min,obj2_min,obj1_max,obj2_max,obj1_95th,obj2_95th,cv1_min,cv1_max,cv1_95th
3.9078007248465406e-06,3.2050795146088346e-06,1.0999967271984696,1.099991674483989,1.099989,1.099989,6.318728389871054e-06,0.0,4.4117411950025005,4.413751539180196,4.401184130350301,4.413643604254131,0.0,18.481394146502808,18.48139253177414
