var1_min,var2_min,var3_min,var4_min,var1_max,var2_max,var3_max,var4_max,var1_95th,var2_95th,var3_95th,var4_95th,obj1_min,obj2_min,obj1_max,obj2_max,obj1_95th,obj2_95th,cv1_min,cv1_max,cv1_95th
11.510063467131667,11.510710115737455,11.510439556272715,11.511264716149093,60.485535096935344,60.48931917932118,60.48700538643702,60.487340175188955,60.48523044484934,60.48898741339877,60.48689694581107,60.48702875303673,4.9806513631622806e-05,14.727208140166184,14.471807858267482,60.48931917932118,13.838725870387519,60.48898741339877,0.0,1.5879826660319551,1.4966420242948375
