var1_min,var2_min,var3_min,var4_min,var5_min,var6_min,var7_min,var1_max,var2_max,var3_max,var4_max,var5_max,var6_max,var7_max,var1_95th,var2_95th,var3_95th,var4_95th,var5_95th,var6_95th,var7_95th,obj1_min,obj2_min,obj1_max,obj2_max,obj1_95th,obj2_95th,cv1_min,cv1_max,cv1_95th
2.6000200598265004,0.7000014092840479,16.510061889567396,7.300009591946266,7.300045956070068,2.900012565956558,5.000014089239571,3.599995511500075,0.799997822220365,28.489682702382623,8.299998580470755,8.299984047836865,3.8999930672605507,5.499988383250237,3.599993792086397,0.7999971778561062,28.489630909722198,8.299990560040099,8.299957704133385,3.89998982344778,5.4999806513006435,2444.944142715465,694.5735280046551,6981.777549792854,1696.8308269809959,6916.016451131192,1695.8055120038948,0.0,420.20957498441965,419.1542480458326
