var1_min,var2_min,var3_min,var4_min,var5_min,var6_min,var7_min,var8_min,var9_min,var10_min,var11_min,var12_min,var13_min,var14_min,var15_min,var1_max,var2_max,var3_max,var4_max,var5_max,var6_max,var7_max,var8_max,var9_max,var10_max,var11_max,var12_max,var13_max,var14_max,var15_max,var1_95th,var2_95th,var3_95th,var4_95th,var5_95th,var6_95th,var7_95th,var8_95th,var9_95th,var10_95th,var11_95th,var12_95th,var13_95th,var14_95th,var15_95th,obj1_min,obj2_min,obj1_max,obj2_max,obj1_95th,obj2_95th,cv1_min,cv1_max,cv1_95th
2.2438893150459468e-07,1.9224824741610054e-08,3.5666684183432306e-08,1.0930589427323931e-07,1.2679818579483527e-08,9.944563829984884e-08,1.4039307498162763e-07,2.850396028878516e-08,1.8900652242858764e-07,1.2033765259093776e-08,1.664393452774013e-08,2.4733625768151583e-08,7.555507612784507e-08,4.730137907211357e-08,1.0886885796930479e-07,1.0999999251116572,1.0999995700085459,1.0999998850865518,1.0999998517296097,1.099999998759136,1.0999999576261037,1.0999999661916218,1.0999999110031125,1.0999999022304565,1.0999996890624526,1.0999999344406615,1.0999999435159846,1.0999998546162917,1.0999998499020232,1.0999998283868213,1.0999964798818367,1.0999951019430763,1.099996074946243,1.0999960562688071,1.0999960987645632,1.0999968466828158,1.0999963799639603,1.099997307259792,1.099996181847169,1.0999958807539596,1.0999967648022524,1.0999965287731108,1.0999969836862298,1.0999958996717412,1.0999965705895371,1.7379584186650368e-06,0.0,29.877871305839175,33.28007734077688,23.754487540272788,28.24849931901568,0.0,1278.5125136317447,943.29492554114
