var1_min,var2_min,var1_max,var2_max,var1_95th,var2_95th,obj1_min,obj2_min,obj1_max,obj2_max,obj1_95th,obj2_95th,cv1_min,cv1_max,cv1_95th
0.10001743689299854,0.500017512330037,1.9999970744628424,2.499991458174522,1.999981063301347,2.4999658381979346,28.58398273001833,5.150714583368874e-07,311.7682201666022,5.504365089525313e-05,297.3014420833734,5.1252520334386516e-05,0.0,0.0,0.0
