var1_min,var2_min,var1_max,var2_max,var1_95th,var2_95th,obj1_min,obj2_min,obj1_max,obj2_max,obj1_95th,obj2_95th,cv1_min,cv1_max,cv1_95th
0.10001983150671588,0.5000677950146962,1.9999717809557376,2.4999098071889496,1.9999703735866874,2.499836133912058,28.542718668271235,5.14969079520433e-07,315.07143456306613,6.469927806237782e-05,313.8312421952562,6.108961812516281e-05,0.0,0.0,0.0
