var1_min,var2_min,var3_min,var4_min,var5_min,var6_min,var7_min,var1_max,var2_max,var3_max,var4_max,var5_max,var6_max,var7_max,var1_95th,var2_95th,var3_95th,var4_95th,var5_95th,var6_95th,var7_95th,obj1_min,obj2_min,obj1_max,obj2_max,obj1_95th,obj2_95th,cv1_min,cv1_max,cv1_95th
6.452770027615129e-05,5.424073198073004e-05,7.897459262384832e-05,-0.4899997106812405,-0.4899975363340647,-0.48999681985861143,-0.48999776279445095,99.9999430126731,99.99999958376708,99.99999929348816,1.4899956602860807,1.489991322448575,1.4899949706062887,1.4899985392835793,99.99953856493923,99.99962685226616,99.99965107887648,1.4899802,1.4899802987742208,1.489984518704188,1.4899862469557066,-0.6931476805598203,0.10937398818870711,2.9999990000005,27751.54760864569,2.9999990000005,23726.11734984486,0.0,33262.11170887874,30027.063078578154
