var1_min,var2_min,var3_min,var4_min,var5_min,var6_min,var7_min,var8_min,var9_min,var10_min,var11_min,var12_min,var13_min,var14_min,var15_min,var16_min,var17_min,var18_min,var19_min,var20_min,var1_max,var2_max,var3_max,var4_max,var5_max,var6_max,var7_max,var8_max,var9_max,var10_max,var11_max,var12_max,var13_max,var14_max,var15_max,var16_max,var17_max,var18_max,var19_max,var20_max,var1_95th,var2_95th,var3_95th,var4_95th,var5_95th,var6_95th,var7_95th,var8_95th,var9_95th,var10_95th,var11_95th,var12_95th,var13_95th,var14_95th,var15_95th,var16_95th,var17_95th,var18_95th,var19_95th,var20_95th,obj1_min,obj2_min,obj1_max,obj2_max,obj1_95th,obj2_95th,cv1_min,cv1_max,cv1_95th
5.35397999545939e-09,1.96750646001137e-06,6.058581722770406e-07,5.948759176227503e-09,9.924464159163926e-07,5.148003115809652e-07,2.963312105142002e-06,2.094732841212421e-06,7.917483351230215e-08,2.540401655010127e-06,4.74355137756316e-07,3.1042431904507173e-07,1.192509538165687e-07,5.456226553207655e-07,3.537790718363687e-07,1.57665109683236e-07,2.1744503400991655e-07,1.012239581512503e-06,6.27267947167498e-07,3.9362299861407657e-07,0.9999999548427065,19.99999834400394,19.99999865198374,19.99999935297915,19.999999905821568,19.99999946114753,19.9999999214306,19.999997484295967,19.99999963737857,19.999998428504007,19.99999938135135,19.999997753750097,19.999997982965816,19.999998761507733,19.99999938106356,19.99999988286856,19.99999969844666,19.999998853462763,19.99999907057412,19.99999947482394,0.9999980059682241,19.999954617447955,19.99994494492511,19.99994798558688,19.999943453658037,19.999953849341455,19.99995567234922,19.999949700413712,19.999946892276036,19.99994453625874,19.99995235942062,19.999946616441886,19.999947007507572,19.999951225654268,19.999951964073023,19.99994813689366,19.999946890702834,19.99995323886577,19.999953149053546,19.99995354125696,0.0,1.3739896127821576,0.9999999548427065,332.56639304167766,0.9999980059682241,304.00232362695414,0.0,0.17108307855209004,0.0
