var1_min,var2_min,var3_min,var4_min,var1_max,var2_max,var3_max,var4_max,var1_95th,var2_95th,var3_95th,var4_95th,obj1_min,obj2_min,obj1_max,obj2_max,obj1_95th,obj2_95th,cv1_min,cv1_max,cv1_95th
10.000594311493469,10.000072836982948,0.9000123244655478,0.9000008447449044,79.99990765991916,49.9996,4.999988687326849,4.999992380901415,79.99931083665331,49.99935868435816,4.999980340759623,4.999926981962718,39.219815830341325,0.006365942241684001,778.4546743063149,9.298440501267226,730.0984682867288,6.847481923984051,0.0,329.87798609796084,222.6159653746342
