var1_min,var2_min,var3_min,var4_min,var1_max,var2_max,var3_max,var4_max,var1_95th,var2_95th,var3_95th,var4_95th,obj1_min,obj2_min,obj1_max,obj2_max,obj1_95th,obj2_95th,cv1_min,cv1_max,cv1_95th
10.00009070435314,10.000579923019563,0.9000367942163767,0.9001058663987603,79.99361896254541,49.99944400107895,4.9997493279785985,4.999777352353505,79.99318356756744,49.999173061166815,4.999740250670179,4.999751283941417,32.95366744196725,0.0064418933204457235,782.5081460688195,10.490151450051671,768.6435043199009,7.4796533854779295,0.0,373.0556010073501,272.1329853546821
