var1_min,var2_min,var3_min,var4_min,var5_min,var6_min,var7_min,var8_min,var9_min,var10_min,var1_max,var2_max,var3_max,var4_max,var5_max,var6_max,var7_max,var8_max,var9_max,var10_max,var1_95th,var2_95th,var3_95th,var4_95th,var5_95th,var6_95th,var7_95th,var8_95th,var9_95th,var10_95th,obj1_min,obj2_min,obj1_max,obj2_max,obj1_95th,obj2_95th,cv1_min,cv1_max,cv1_95th
5.905822104759761e-07,2.9227733548513324e-08,1.3180814153416348e-07,3.8936767616550017e-08,3.9651913816621254e-08,2.1264023688551126e-08,2.3328085529093767e-07,6.472814333136068e-08,6.433018172151417e-08,2.4215672886351847e-07,0.999999965753347,0.9999995131358901,0.9999999829351571,0.9999998079407374,0.9999999066865458,0.9999998805197836,0.9999999933166274,0.9999995203095104,0.9999999988670909,0.9999999564936444,0.9999952493857085,0.9999944898076021,0.9999954696687678,0.9999945748467315,0.9999939428667339,0.9999941504107497,0.999993812842362,0.9999947235920124,0.9999956836835008,0.9999951066301768,0.0,0.0,1.0,10.862654403839743,1.0,8.914962775985646,0.0,10.047628300481747,8.16446307343048
