var1_min,var2_min,var3_min,var4_min,var5_min,var6_min,var7_min,var8_min,var9_min,var10_min,var1_max,var2_max,var3_max,var4_max,var5_max,var6_max,var7_max,var8_max,var9_max,var10_max,var1_95th,var2_95th,var3_95th,var4_95th,var5_95th,var6_95th,var7_95th,var8_95th,var9_95th,var10_95th,obj1_min,obj2_min,obj1_max,obj2_max,obj1_95th,obj2_95th,cv1_min,cv1_max,cv1_95th
7.9554583055651e-06,1.6580011224184733e-05,1.1152930150753027e-05,1.6933332894508436e-05,7.81730444077422e-07,7.64286027695471e-06,4.561186408125973e-06,2.251311508756665e-05,2.2490041238743542e-06,1.7402809519590278e-05,0.9999997943484735,0.9999847449623811,0.9999984222408332,0.999995578591778,0.9999914057736488,0.9999930472258866,0.9999574114963551,0.9999761353126424,0.999972799670914,0.999997307955745,0.9999785658662744,0.9999538849232208,0.9999821322091694,0.9999813530416443,0.9999600392069837,0.9999633254218796,0.9998693280185885,0.9998712755049204,0.9998978216381733,0.9999693691936077,0.0,0.0,1.0,10.587564849105515,1.0,10.410855425840591,0.0,9.933355404253863,9.700174468234296
