var1_min,var2_min,var3_min,var4_min,var5_min,var6_min,var7_min,var8_min,var9_min,var10_min,var1_max,var2_max,var3_max,var4_max,var5_max,var6_max,var7_max,var8_max,var9_max,var10_max,var1_95th,var2_95th,var3_95th,var4_95th,var5_95th,var6_95th,var7_95th,var8_95th,var9_95th,var10_95th,obj1_min,obj2_min,obj1_max,obj2_max,obj1_95th,obj2_95th,cv1_min,cv1_max,cv1_95th
1.765934395537433e-07,3.5969093856169643e-07,7.821449786379886e-06,2.6583577295360983e-06,9.027428934330756e-07,7.800345453931601e-07,2.8313671928542616e-06,4.8292897520622186e-06,4.506688278081705e-06,2.058350196190717e-07,0.9999997936008691,19.999997638219682,19.999997802269007,19.999996897289417,19.999993903267463,19.999995696245264,19.999998434515437,19.99999927041584,19.999999686450757,19.999999635708193,0.9999949314621663,19.999870516253157,19.99989538229899,19.99992235923579,19.999915800768203,19.99989759804844,19.999904775087586,19.9999095395313,19.999907610577328,19.99988266068251,0.0,0.8820931003081629,1.0,144.0493926319739,1.0,127.29706954948172,0.0,0.33322376017917765,0.0
