var1_min,var2_min,var3_min,var4_min,var5_min,var6_min,var7_min,var8_min,var9_min,var10_min,var1_max,var2_max,var3_max,var4_max,var5_max,var6_max,var7_max,var8_max,var9_max,var10_max,var1_95th,var2_95th,var3_95th,var4_95th,var5_95th,var6_95th,var7_95th,var8_95th,var9_95th,var10_95th,obj1_min,obj2_min,obj1_max,obj2_max,obj1_95th,obj2_95th,cv1_min,cv1_max,cv1_95th
1.0784576325165851e-05,7.8505795613375e-06,7.23828708277392e-05,4.264501380259422e-05,1.2477439105096355e-05,9.024087087050958e-05,2.297819608479701e-05,0.00011323165261245373,3.362476658315861e-05,2.6712074099144445e-06,0.9999978384134812,19.999964488099234,19.99995012592422,19.999830890299556,19.99990999917548,19.999907213345562,19.99987916688315,19.999955556311757,19.999982522196227,19.999916946083395,0.9999895111342363,19.999883696892738,19.999719893142647,19.99968080318308,19.999858936203825,19.99970228922992,19.999747015055277,19.999845357668065,19.999869246557818,19.999734139925646,0.0,0.8820931003081629,1.0,154.65063951195438,1.0,150.46642674220192,0.0,0.3639778552325641,0.31985648981005244
