Name,D,fsr,corr_cf,f_mdl_r2,dist_c_corr,min_cv,skew_rnge,piz_ob_min,ps_dist_iqr_mean,cpo_upo_n,cv_range_coeff,corr_obj,cv_mdl_r2,dist_x_avg,dist_x_r1,dist_f_avg,dist_f_r1,dist_c_avg,dist_c_r1,dist_f_c_avg,dist_f_c_r1,dist_f_dist_x_avg,dist_f_dist_x_r1,dist_c_dist_x_avg,dist_c_dist_x_r1,dist_f_c_dist_x_avg,dist_f_c_dist_x_r1,hv_single_soln_avg,hv_single_soln_r1,nhv_avg,nhv_r1,hvd_avg,hvd_r1,bhv_avg,bhv_r1,nncv_avg,nncv_r1,ncv_avg,ncv_r1,bncv_avg,bncv_r1,sup_avg,sup_r1,inf_avg,inf_r1,inc_avg,inc_r1,lnd_avg,lnd_r1,nfronts_avg,nfronts_r1,nrfbx_mean,nrfbx_min,nrfbx_max,nrfbx_median
MW1_d2,2,0.011000000000000003,0.0,1.0,0.4049525350129315,0.0,0.00048287085542416894,0.010624999999999999,0.27836826621966293,0.011000000000000003,0.1452635886749443,-0.9999999999999999,0.04980342179005255,0.01037332361112145,0.00333314095658785,0.008692958767205815,0.00450991131411973,0.032973364534752775,0.8677454225945568,0.036659546187825263,0.7959503413232871,0.8374719360722603,0.004402982541659896,3.171785465695302,0.8830588211855261,3.527869593693916,0.8277630604552447,0.16543119184637428,0.9992349630191312,0.1698434866660033,0.9948409965075293,0.0044122948196289695,0.0036126234450883743,0.16565309129796144,0.998637885781573,0.4085139295521035,0.9707553717664691,0.4087051049910295,0.9781632601879272,0.37542523126180316,0.9704292785720551,0.49571333333333334,0.023231762515862477,0.49792,0.048266561680945466,0.20636666666666673,0.5192327906051791,0.19999999999999998,0.0,1.191333333333333,0.6654445576488999,0.46161702275479366,0.2777777777777778,0.8,0.45454545454545453
