Name,D,fsr,corr_cf,f_mdl_r2,dist_c_corr,min_cv,skew_rnge,piz_ob_min,ps_dist_iqr_mean,cpo_upo_n,cv_range_coeff,corr_obj,cv_mdl_r2,dist_x_avg,dist_x_r1,dist_f_avg,dist_f_r1,dist_c_avg,dist_c_r1,dist_f_c_avg,dist_f_c_r1,dist_f_dist_x_avg,dist_f_dist_x_r1,dist_c_dist_x_avg,dist_c_dist_x_r1,dist_f_c_dist_x_avg,dist_f_c_dist_x_r1,hv_single_soln_avg,hv_single_soln_r1,nhv_avg,nhv_r1,hvd_avg,hvd_r1,bhv_avg,bhv_r1
MW2_d5,5,0.006,0.7216877895727449,0.36223945359661824,0.011055505146972677,0.0,0.3775999559485547,0.0375,0.1741948419678049,0.22916666666666666,2.450449034761442,-0.13405296821187285,0.07083683609457536,0.017629975847327735,0.0,0.16780728363719227,0.5433320964749536,0.2602651158583985,0.16419789734075446,0.32772992901547826,0.16419789734075446,9.519277610430638,0.5711762523191094,14.810471869485701,0.16522943722943723,18.633419490584696,0.3083438466295609,0.29337747952620197,0.9901694495980209,0.31217269344791665,0.98734693877551,0.018795213921714675,0.39134941249226957,0.3022564741770332,0.9724081632653061
MW2_d10,10,0.0,0.6707795827810847,0.47421992721902095,0.060691170691170686,1.12740465988792,0.2713779022243858,0.02275,0.0,0.13571428571428573,3.049887429175474,-0.08586096186096187,0.09104393035551406,0.02531352024234861,0.022368583797155225,0.2524084418384768,0.5457241805813234,0.31920931144986564,0.30334199134199136,0.42754033669941827,0.30334199134199136,9.973630249410041,0.5559529993815707,12.618185530727072,0.302017316017316,16.898422232898614,0.4804032158317873,0.2038657900811339,0.9927952999381573,0.2188721484461623,0.9883525046382188,0.015006358365028328,0.5729412492269634,0.21234572105902902,0.9806332714904142
