Name,D,fsr,corr_cf,f_mdl_r2,dist_c_corr,min_cv,skew_rnge,piz_ob_min,ps_dist_iqr_mean,cpo_upo_n,cv_range_coeff,corr_obj,cv_mdl_r2,dist_x_avg,dist_x_r1,dist_f_avg,dist_f_r1,dist_c_avg,dist_c_r1,dist_f_c_avg,dist_f_c_r1,dist_f_dist_x_avg,dist_f_dist_x_r1,dist_c_dist_x_avg,dist_c_dist_x_r1,dist_f_c_dist_x_avg,dist_f_c_dist_x_r1,hv_single_soln_avg,hv_single_soln_r1,nhv_avg,nhv_r1,hvd_avg,hvd_r1,bhv_avg,bhv_r1,nncv_avg,nncv_r1,ncv_avg,ncv_r1,bncv_avg,bncv_r1,nrfbx_mean,nrfbx_min,nrfbx_max,nrfbx_median
MW2_d5,5,0.006,0.6665075747828564,0.4217968708086727,0.10115821605524171,0.0,0.2999129709830734,0.034,0.600171051534158,0.3,2.1475393908443223,-0.16963277453109812,0.06393146183923515,0.017629975847327735,0.0,0.16780728363719227,0.5433320964749535,0.2602651158583985,0.16419789734075446,0.32772992901547826,0.2940507111935683,9.519277610430635,0.5711762523191094,14.810471869485701,0.16522943722943723,18.633419490584696,0.3083438466295608,0.29337747952620197,0.9901694495980209,0.31217269344791665,0.98734693877551,0.018795213921714675,0.3913494124922696,0.30225647417703316,0.9724081632653061,4.493280317921878,0.991243042671614,4.492424124117109,0.9826567717996288,4.109082707983524,0.9828225108225107,0.0,0.0,0.0,0.0
