Name,D,fsr,corr_cf,f_mdl_r2,dist_c_corr,min_cv,skew_rnge,piz_ob_min,ps_dist_iqr_mean,cpo_upo_n,cv_range_coeff,corr_obj,cv_mdl_r2,dist_x_avg,dist_x_r1,dist_f_avg,dist_f_r1,dist_c_avg,dist_c_r1,dist_f_c_avg,dist_f_c_r1,dist_f_dist_x_avg,dist_f_dist_x_r1,dist_c_dist_x_avg,dist_c_dist_x_r1,dist_f_c_dist_x_avg,dist_f_c_dist_x_r1,hv_single_soln_avg,hv_single_soln_r1,nhv_avg,nhv_r1,hvd_avg,hvd_r1,bhv_avg,bhv_r1,nncv_avg,nncv_r1,ncv_avg,ncv_r1,bncv_avg,bncv_r1,sup_avg,sup_r1,inf_avg,inf_r1,inc_avg,inc_r1,lnd_avg,lnd_r1,nfronts_avg,nfronts_r1,nrfbx_mean,nrfbx_min,nrfbx_max,nrfbx_median
MW1_d2,2,0.011333333333333336,0.0,1.0,0.40558047895006066,0.0,0.00045344250265563264,0.010666666666666665,0.2517868322120414,0.011333333333333336,0.1408823515898828,-0.9999999999999999,0.05147059661265866,0.010430394706497547,0.0,0.008681763700766659,0.0,0.032980323346640916,0.8580659844148595,0.03668013746163368,0.7825018565659848,0.8316053515274924,0.0,3.153342281678325,0.872187013599259,3.5084630908341485,0.8120067883514778,0.165664637334508,0.9992541659896368,0.17004595778167306,0.9950670650610528,0.004381320447165126,0.0,0.16583039042649408,0.9986187570335865,0.4068763354328348,0.9718618912747271,0.4070727190189257,0.979213264720746,0.37384689687977435,0.9712469998197347,0.4912,0.0,0.4997000000000001,0.036700185889824335,0.2091,0.6239181580149589,0.19999999999999998,0.0,1.1892999999999996,0.7018664156716221,0.3693181818181818,0.36363636363636365,0.375,0.3693181818181818
