Name,D,fsr,corr_cf,f_mdl_r2,dist_c_corr,min_cv,skew_rnge,piz_ob_min,ps_dist_iqr_mean,cpo_upo_n,cv_range_coeff,corr_obj,cv_mdl_r2,dist_x_avg,dist_f_avg,dist_c_avg,dist_f_dist_x_avg,dist_c_dist_x_avg
MW2_d5,5,0.006,0.7286449003400584,0.3889585524875569,0.0,0.0,0.18618810056481067,0.0285,0.3328651433052366,0.23376623376623376,2.5945968655972322,-0.13041201536853445,0.08339916049943569,0.017629975847327735,0.16780728363719227,0.2602651158583985,9.519277610430638,14.810471869485701
MW2_d10,10,0.0,0.7093774609188935,0.3826951871374665,-0.005722432197975427,0.8080169471230587,0.20519055060378938,0.018500000000000003,0.0,0.12142857142857143,3.1011622437759856,-0.10179197148251772,0.08357524595295018,0.02531352024234861,0.2524084418384768,0.31920931144986564,9.973630249410041,12.618185530727072
