Name,D,fsr,corr_cf,f_mdl_r2,dist_c_corr,min_cv,skew_rnge,piz_ob_min,ps_dist_iqr_mean,cpo_upo_n,cv_range_coeff,corr_obj,cv_mdl_r2,dist_x_avg,dist_x_r1,dist_f_avg,dist_f_r1,dist_c_avg,dist_c_r1,dist_f_c_avg,dist_f_c_r1,dist_f_dist_x_avg,dist_f_dist_x_r1,dist_c_dist_x_avg,dist_c_dist_x_r1,dist_f_c_dist_x_avg,dist_f_c_dist_x_r1,hv_single_soln_avg,hv_single_soln_r1,nhv_avg,nhv_r1,hvd_avg,hvd_r1,bhv_avg,bhv_r1,nncv_avg,nncv_r1,ncv_avg,ncv_r1,bncv_avg,bncv_r1,sup_avg,sup_r1,inf_avg,inf_r1,inc_avg,inc_r1,lnd_avg,lnd_r1,nfronts_avg,nfronts_r1,nrfbx_mean,nrfbx_min,nrfbx_max,nrfbx_median
MW2_d5,5,0.008,0.6597893938928494,0.3371723393649593,0.16597543156993344,0.0,0.4409511040328018,0.029,0.39211217285332256,0.3076923076923077,2.6493117076918447,-0.2679819039276157,0.10722721897295773,0.017629975847327735,0.0,0.16780728363719227,0.5433320964749535,0.2602651158583985,0.16419789734075446,0.32772992901547826,0.2940507111935683,9.519277610430635,0.5711762523191094,14.810471869485701,0.16522943722943723,18.633419490584696,0.3083438466295608,0.29337747952620197,0.9901694495980209,0.31217269344791665,0.98734693877551,0.018795213921714675,0.3913494124922696,0.30225647417703316,0.9724081632653061,4.493280317921878,0.991243042671614,4.492424124117109,0.9826567717996288,4.109082707983524,0.9828225108225107,0.5039999999999999,0.0,0.4959999999999999,0.0,0.09090909090909095,0.0,0.09090909090909095,0.0,1.0909090909090906,0.0,0.0,0.0,0.0,0.0
