Name,D,fsr,corr_cf,f_mdl_r2,dist_c_corr,min_cv,skew_rnge,piz_ob_min,ps_dist_iqr_mean,cpo_upo_n,cv_range_coeff,corr_obj,cv_mdl_r2,dist_x_avg,dist_x_r1,dist_f_avg,dist_f_r1,dist_c_avg,dist_c_r1,dist_f_c_avg,dist_f_c_r1,dist_f_dist_x_avg,dist_f_dist_x_r1,dist_c_dist_x_avg,dist_c_dist_x_r1,dist_f_c_dist_x_avg,dist_f_c_dist_x_r1,hv_single_soln_avg,hv_single_soln_r1,nhv_avg,nhv_r1,hvd_avg,hvd_r1,bhv_avg,bhv_r1,nncv_avg,nncv_r1,ncv_avg,ncv_r1,bncv_avg,bncv_r1,sup_avg,sup_r1,inf_avg,inf_r1,inc_avg,inc_r1,lnd_avg,lnd_r1,nfronts_avg,nfronts_r1,nrfbx_mean,nrfbx_min,nrfbx_max,nrfbx_median
MW1_d2,2,0.011833333333333336,0.0,1.0,0.4073889958823047,0.0,0.00041524485646594314,0.010583333333333332,0.2866993302604039,0.011833333333333336,0.1451515483498095,-0.9999999999999999,0.05123962798338262,0.010387558569143635,0.004740034623802158,0.00871642662982446,0.006035400731392714,0.033291089197029874,0.8680979171978529,0.03696255240517481,0.7979530249688566,0.8388031864316097,0.006560702586353887,3.201727382083684,0.8835739772383324,3.5560432302346743,0.8292431401341221,0.1653649005203953,0.9992412175702755,0.16978899846601156,0.9949177335652284,0.004424097945616282,-0.0013416889835727512,0.16559744635144683,0.9986336733527114,0.4083506219425253,0.9710599315014677,0.4082626556921863,0.9784151108713618,0.3748866242248535,0.9704236735995054,0.49718333333333337,0.021990746979830764,0.49628666666666665,0.04368126442665499,0.20653000000000005,0.5443050636343523,0.19999999999999998,0.0,1.1911699999999996,0.6693011580551836,0.4356683630696788,0.2631578947368421,0.8,0.4166666666666667
