Name,D,fsr,corr_cf,f_mdl_r2,dist_c_corr,min_cv,skew_rnge,piz_ob_min,ps_dist_iqr_mean,cpo_upo_n,cv_range_coeff,corr_obj,cv_mdl_r2,dist_x_avg,dist_f_avg,dist_c_avg,dist_f_dist_x_avg,dist_c_dist_x_avg
MW1_d3,3,0.034166666666666665,0.8440114017608351,0.6478002937035404,0.8529392814933974,0.0,0.13181960654836353,0.02375,0.31882208784583005,0.44138755980861244,1.367242891728751,-0.4491779497362128,0.645494221102921,0.012908240558357398,0.018293769817134268,0.07257668684594674,1.4090612397405806,5.684718858085444
MW2_d10,10,0.0,0.7000618552895363,0.41749481128889115,-0.013462349156466047,0.5605115311239667,0.1953114772516984,0.0195,0.0,0.09722222222222221,2.9774999459253984,-0.09718685652888961,0.08045242714374523,0.025298342748994684,0.23234152058124163,0.30332678045403927,9.181077646209092,11.990422608168767
