Name,D,fsr,corr_cf,f_mdl_r2,dist_c_corr,min_cv,skew_rnge,piz_ob_min,ps_dist_iqr_mean,cpo_upo_n,cv_range_coeff,corr_obj,cv_mdl_r2,dist_x_avg,dist_f_avg,dist_c_avg,dist_f_dist_x_avg,dist_c_dist_x_avg
MW2_d10,10,0.0,0.6777867739482614,0.44138056121482944,0.0,0.6576292142191478,0.2655247307230887,0.0215,0.0,0.14166666666666666,2.8579096068585264,-0.08411627681026285,0.07157161586227573,0.025298342748994684,0.23234152058124163,0.30332678045403927,9.18107764620909,11.99042260816877
