Name,D,fsr,corr_cf,f_mdl_r2,dist_c_corr,min_cv,skew_rnge,piz_ob_min,ps_dist_iqr_mean,cpo_upo_n,cv_range_coeff,corr_obj,cv_mdl_r2,dist_x_avg,dist_f_avg,dist_c_avg,dist_f_dist_x_avg,dist_c_dist_x_avg
MW1_d3,3,0.035,0.7846072915348246,0.6551174630989952,0.8582552606468286,0.0,0.06247760009523126,0.036250000000000004,0.3279439678270525,0.33035714285714285,1.360152255396525,-0.43888591248058795,0.661252150745919,0.012908240558357398,0.018293769817134268,0.07257668684594674,1.4090612397405806,5.684718858085444
MW2_d10,10,0.00025,0.725086046946233,0.3871469418015254,-0.0872266955483916,0.28568156846293535,0.13361843582121502,0.010875000000000001,0.0,0.15000000000000002,2.970613298875919,-0.0988370944233571,0.08182877775351016,0.02527696576060867,0.2071040694672757,0.285323378283006,8.192241160318193,11.301771002717778
