Name,D,fsr,corr_cf,f_mdl_r2,dist_c_corr,min_cv,bhv_avg_rws,skew_rnge,piz_ob_min,ps_dist_iqr_mean,dist_c_dist_x_avg_rws,cpo_upo_n,cv_range_coeff,corr_obj,dist_f_dist_x_avg_rws,cv_mdl_r2
MW1_d5,5,0.005873715124816447,0.6496027452215802,0.6691928765488496,0.7277357271477846,0.0,0.1420310119618958,1.0340348750235882,0.0007342143906020559,0.03144928936243758,2.268187283723913,0.1377104377104377,3.706464581365069,-0.18942155127824137,2.3181806647666283,0.5535802615724112
MW1_d10,10,0.0,0.6731240564971649,0.627334759347474,0.4376000939902476,2.5110303429733563,,0.575594971215446,0.00035014005602240897,0.0,2.6769814639966967,0.13148148148148148,3.4002858264653244,-0.05897406344077214,2.696350803597102,0.5150791465132691
MW1_d15,15,0.0,0.6207561861108829,0.6076418652189971,0.31504677418194976,7.096289593406112,,0.4274512612947395,0.0,0.0,2.4065373162916157,0.10437710437710439,2.8670657334509557,-0.14449657440975486,2.425907412409288,0.3968617792602156
MW2_d5,5,0.00881057268722467,0.6343053777711266,0.62385612278818,0.4651118498231955,0.0,0.2520206258868254,0.9567454469911332,0.0007342143906020559,0.12416360406668821,5.39197328308639,0.30357142857142855,12.280232211782346,-0.08496638367731622,5.430477379477293,0.409718769972563
MW2_d10,10,0.0,0.6423408932758726,0.6832688821137657,0.37342791551891885,1.2134219459623268,,0.9891228824175432,0.0014005602240896359,0.0,5.882583428276175,0.15873015873015872,18.145011288482667,-0.033606494985143925,5.905011162318121,0.5434192488773079
MW2_d15,15,0.0,0.6466086720157551,0.703670141191569,0.3344306979443831,3.0249834399662894,,0.8697048815183196,0.0003450655624568668,0.0,5.9814917352879435,0.21944444444444444,19.021492679378817,-0.03678579521253358,6.009514452379371,0.5465699587862655
