Name,D,fsr,corr_cf,f_mdl_r2,dist_c_corr,min_cv,skew_rnge,piz_ob_min,ps_dist_iqr_mean,cpo_upo_n,cv_range_coeff,corr_obj,cv_mdl_r2,dist_x_avg,dist_f_avg,dist_c_avg,dist_f_dist_x_avg,dist_c_dist_x_avg
MW2_d10,10,0.0,0.6810368313112631,0.42839551458351,-0.13964950217390018,0.47800365419363383,0.1764753110897404,0.019000000000000003,0.0,0.10795454545454546,2.7150461430351913,-0.11150654168789743,0.07975679401108227,0.025298342748994684,0.23234152058124163,0.30332678045403927,9.18107764620909,11.99042260816877
