Name,D,fsr,corr_cf,f_mdl_r2,dist_c_corr,min_cv,skew_rnge,piz_ob_min,ps_dist_iqr_mean,cpo_upo_n,cv_range_coeff,corr_obj,cv_mdl_r2,dist_x_avg,dist_f_avg,dist_c_avg,dist_f_dist_x_avg,dist_c_dist_x_avg
MW2_d10,10,0.0,0.6952627314371838,0.43695808612045933,0.07877819404441151,0.13223892959551256,0.21328023318799044,0.02125,0.0,0.19642857142857142,2.86956093450162,-0.04776575906856545,0.07656255008093871,0.02531352024234861,0.2524084418384768,0.3192093114498657,9.973630249410045,12.618185530727072
