Name,D,fsr,corr_cf,f_mdl_r2,dist_c_corr,min_cv,skew_rnge,piz_ob_min,ps_dist_iqr_mean,cpo_upo_n,cv_range_coeff,corr_obj,cv_mdl_r2,dist_x_avg,dist_f_avg,dist_c_avg,dist_f_dist_x_avg,dist_c_dist_x_avg
MW1_d3,3,0.03666666666666667,0.8003583788254927,0.6205221944347173,0.826802722591707,0.0,0.09087651463618131,0.03333333333333333,0.32523207139600546,0.3592105263157894,1.3598024966868132,-0.42804926546177946,0.6444493120351797,0.012908240558357398,0.018293769817134268,0.07257668684594674,1.4090612397405806,5.684718858085444
MW2_d10,10,0.0,0.6834255044715773,0.43169018799526687,-0.2032708685032804,0.7553108632519756,0.22766195964922809,0.021249999999999998,0.0,0.09722222222222221,2.877560389787683,-0.10340131365174202,0.09167156026818823,0.025298342748994684,0.23234152058124163,0.30332678045403927,9.181077646209092,11.990422608168767
