var1_min,var2_min,var1_max,var2_max,var1_95th,var2_95th,obj1_min,obj2_min,obj1_max,obj2_max,obj1_95th,obj2_95th,cv1_min,cv1_max,cv1_95th
5.328819170245282e-06,4.370562974466592e-06,1.499995537088822,1.4999886470236214,1.4999850000000001,1.4999850000000001,0.0,0.00070354,6.0167311050855945,16.031093555200318,6.0073062679865705,15.928932363825018,0.0,643.6094491388144,640.6157389685493
