var1_min,var2_min,var1_max,var2_max,var1_95th,var2_95th,obj1_min,obj2_min,obj1_max,obj2_max,obj1_95th,obj2_95th,cv1_min,cv1_max,cv1_95th
2.7863742814313307e-06,4.270164444133448e-05,1.4999972765412408,1.499952611692305,1.4999439687953737,1.499849506288902,0.0,0.00070354,6.002700644522794,16.009801563674323,5.99957572719697,15.91177738989914,0.0,643.5241082942505,637.989477621744
