var1_min,var2_min,var3_min,var4_min,var5_min,var6_min,var7_min,var8_min,var9_min,var10_min,var1_max,var2_max,var3_max,var4_max,var5_max,var6_max,var7_max,var8_max,var9_max,var10_max,var1_95th,var2_95th,var3_95th,var4_95th,var5_95th,var6_95th,var7_95th,var8_95th,var9_95th,var10_95th,obj1_min,obj2_min,obj1_max,obj2_max,obj1_95th,obj2_95th,cv1_min,cv1_max,cv1_95th
3.5462232605500853e-06,9.187732211073719e-07,7.242607374841658e-06,1.5756872162101643e-06,1.4000951035777697e-06,1.7692348384024147e-05,2.5947932846250077e-06,3.071578705005074e-08,6.423432632701431e-06,9.693471408031273e-06,0.9999993836662974,0.9999887936077346,0.9999993433861247,0.9999886071878729,0.9999993705674766,0.9999947833560114,0.999997636792534,0.9999958668566323,0.9999975947398838,0.9999917056847111,0.9999881243690585,0.9999828418368185,0.9999857902455825,0.999986757543089,0.9999831543070703,0.9999857898113493,0.9999828225586637,0.9999910701265898,0.9999876566015381,0.9999843581480443,0.0,0.5422304089371739,0.9999993836662974,8.559766480864466,0.9999881243690585,8.495147159747026,0.0,0.0,0.0
