var1_min,var2_min,var3_min,var4_min,var5_min,var6_min,var7_min,var8_min,var9_min,var10_min,var1_max,var2_max,var3_max,var4_max,var5_max,var6_max,var7_max,var8_max,var9_max,var10_max,var1_95th,var2_95th,var3_95th,var4_95th,var5_95th,var6_95th,var7_95th,var8_95th,var9_95th,var10_95th,obj1_min,obj2_min,obj1_max,obj2_max,obj1_95th,obj2_95th,cv1_min,cv1_max,cv1_95th
2.3382891566406383e-07,3.3619449010076005e-07,2.9547400561967703e-07,3.844752644640431e-08,8.075843981047992e-08,1.1914998441359126e-07,4.9582731934116886e-08,2.4772935976018207e-08,3.3530090281716496e-07,4.5117656384194293e-07,0.9999999342069391,0.9999999951040077,0.9999999711997853,0.9999997988700788,0.9999999843539431,0.9999998485526911,0.9999996308901976,0.9999995695624209,0.999999999526097,0.9999999744592285,0.9999951700472987,0.9999935651030873,0.999995157713802,0.9999950075199779,0.9999944716240518,0.9999972109943707,0.9999926590633125,0.9999931734776448,0.9999953914275266,0.9999954441681159,0.0,0.5422304089371739,0.9999999342069391,8.603456139016536,0.9999951700472987,7.361974258284865,0.0,0.0,0.0
