var1_min,var2_min,var3_min,var4_min,var5_min,var6_min,var7_min,var1_max,var2_max,var3_max,var4_max,var5_max,var6_max,var7_max,var1_95th,var2_95th,var3_95th,var4_95th,var5_95th,var6_95th,var7_95th,obj1_min,obj2_min,obj1_max,obj2_max,obj1_95th,obj2_95th,cv1_min,cv1_max,cv1_95th
0.0004011965300104598,0.0002818568095851367,5.1660740731436065e-05,9.591946266606517e-05,-0.48990900698126477,-0.48997511940601507,0.0011271391656576027,19.999910230001497,19.999564444072995,9.999735143892005,9.999985804707535,1.4899684147169912,1.4899862731758906,39.99907066001895,19.999875841727935,19.999435571221234,9.999691911287313,9.99990560040099,1.489916254184103,1.489979850426604,39.99845210405152,2.9356723403490435,0.0366886331425586,338.7539499503669,39.88548660003157,335.4199116356529,39.80173006100035,0.0,53.64975277442933,53.22275608789476
