var1_min,var2_min,var3_min,var4_min,var5_min,var6_min,var1_max,var2_max,var3_max,var4_max,var5_max,var6_max,var1_95th,var2_95th,var3_95th,var4_95th,var5_95th,var6_95th,obj1_min,obj2_min,obj1_max,obj2_max,obj1_95th,obj2_95th,cv1_min,cv1_max,cv1_95th
3.4302184435737236e-05,1.2684647741434277e-05,1.236046621353759e-05,1.756553931245077e-05,0.0008647226430243782,2.185511907297317e-05,0.999986299193105,0.9999974956604004,0.9999865250723636,0.9999955531142701,15.999600399941237,15.999948669211603,0.9999568097629956,0.9999857682830904,0.999985547410129,0.9999879177637525,15.999413162783043,15.999676448983172,-0.9999955531142701,0.3773549756116286,-1.756553931245077e-05,7.996756037728249,-3.6750712681029004e-05,7.992796002848333,0.0,4.909672955256455,4.90564036061118
