var1_min,var2_min,var3_min,var4_min,var5_min,var6_min,var1_max,var2_max,var3_max,var4_max,var5_max,var6_max,var1_95th,var2_95th,var3_95th,var4_95th,var5_95th,var6_95th,obj1_min,obj2_min,obj1_max,obj2_max,obj1_95th,obj2_95th,cv1_min,cv1_max,cv1_95th
10.00394475121011,10.001775850683801,35.00216308158737,35.00333745246937,125.01014983772956,130.000144484354,124.99842440720707,149.99964939245606,209.99764188766363,224.99915509171132,314.9952547463364,324.9993744056254,124.9950331227445,149.99800755963267,209.99747079677257,224.997704375113,314.9930313036932,324.9960567195179,23091.5754069704,217.8157628240059,66358.39032383877,1304.8550926725334,66116.04715915406,1302.682546658121,0.0,799.2838585758734,796.0072326215382
