var1_min,var2_min,var3_min,var4_min,var5_min,var6_min,var7_min,var8_min,var9_min,var10_min,var1_max,var2_max,var3_max,var4_max,var5_max,var6_max,var7_max,var8_max,var9_max,var10_max,var1_95th,var2_95th,var3_95th,var4_95th,var5_95th,var6_95th,var7_95th,var8_95th,var9_95th,var10_95th,obj1_min,obj2_min,obj1_max,obj2_max,obj1_95th,obj2_95th,cv1_min,cv1_max,cv1_95th
1.765934395537433e-07,1.798454692808482e-08,3.910724893189943e-07,1.3291788647680491e-07,4.513714467165378e-08,3.9001727269658004e-08,1.4156835964271308e-07,2.4146448760311093e-07,2.2533441390408526e-07,1.0291750980953585e-08,0.9999997936008691,0.9999998819109841,0.9999998901134504,0.9999998448644709,0.9999996951633731,0.9999997848122631,0.9999999217257719,0.9999999635207921,0.9999999843225378,0.9999999817854097,0.9999949314621663,0.999993525812658,0.9999947691149496,0.9999961179617896,0.9999957900384103,0.9999948799024221,0.9999952387543793,0.999995476976565,0.9999953805288666,0.9999941330341255,0.0,0.0,9.894447041453896,9.890248478978867,9.849084683644454,9.818857808745642,0.0,2111.3911046378826,2072.110443932839
