var1_min,var2_min,var3_min,var4_min,var5_min,var6_min,var1_max,var2_max,var3_max,var4_max,var5_max,var6_max,var1_95th,var2_95th,var3_95th,var4_95th,var5_95th,var6_95th,obj1_min,obj2_min,obj3_min,obj1_max,obj2_max,obj3_max,obj1_95th,obj2_95th,obj3_95th,cv1_min,cv1_max,cv1_95th
150.00426444756906,20.000156148013698,13.000148325594562,10.000030037072225,14.000213680794307,0.6300000889134486,274.3182967156868,32.30996917157953,24.999838300868362,11.709992395825402,17.999900099922872,0.7499996150188464,274.3146305897356,32.30982480756485,24.99982656892155,11.709979339376018,17.999853290604065,0.7499975733658572,-8846961.485941144,3250.7660810982334,-669.5200932195943,14716279.046631081,13973.274910131537,8834.8034058747,14339514.399435297,13808.657704824784,8618.481874136425,0.0,10.342571651659489,10.278816554437826
