var1_min,var2_min,var1_max,var2_max,var1_95th,var2_95th,obj1_min,obj2_min,obj1_max,obj2_max,obj1_95th,obj2_95th,cv1_min,cv1_max,cv1_95th
0.01000036709248418,0.20000700493201481,0.04999993840974405,0.9999965832698088,0.04999960133265994,0.9999863352791739,0.14342926162934583,4.4436677719118224e-05,15.073192826767265,3.022037549648694,14.129147951939451,2.8096472477555747,0.0,9610117.089392425,9334664.881983612
