var1_min,var2_min,var3_min,var4_min,var1_max,var2_max,var3_max,var4_max,var1_95th,var2_95th,var3_95th,var4_95th,obj1_min,obj2_min,obj1_max,obj2_max,obj1_95th,obj2_95th,cv1_min,cv1_max,cv1_95th
55.00003239441183,75.00050743264212,1000.0179483982325,11.000232389655816,79.99772105805192,109.99951350094409,2999.87772096517,19.99951126126379,79.99756555984551,109.99927642852097,2999.873293009843,19.99945403792018,-0.5954099660261123,1.1963030223388447,8.249126335547333,8.625585578468202,8.200066631107529,8.51997702834608,0.0,6625.116787275769,1067.7831285534876
