var1_min,var2_min,var3_min,var4_min,var5_min,var6_min,var7_min,var8_min,var9_min,var10_min,var1_max,var2_max,var3_max,var4_max,var5_max,var6_max,var7_max,var8_max,var9_max,var10_max,var1_95th,var2_95th,var3_95th,var4_95th,var5_95th,var6_95th,var7_95th,var8_95th,var9_95th,var10_95th,obj1_min,obj2_min,obj3_min,obj1_max,obj2_max,obj3_max,obj1_95th,obj2_95th,obj3_95th,cv1_min,cv1_max,cv1_95th
0.510000614952299,0.5100091020576437,0.510000052605586,250.00223951629224,250.00101647449603,250.00802045092712,6.000047817138655,4.000001453991136,40.00002252212851,10.000479301085884,3.4899974742419975,3.4899970547599057,3.4899993947215497,2499.9959085151945,2499.9985252804277,2499.999972319326,19.999998751968164,15.99999423390776,699.9996586927072,449.99994607366335,3.4899889881183954,3.489985213180311,3.4899733733042124,2499.9877740429683,2499.990517238818,2499.9873131368963,19.999940750847845,15.999900635885869,699.9943592859196,449.9970057263272,25420.11706505334,11808.324759170562,891.6363338585654,240898.6718099656,197793.13242913908,33629.27178404893,232639.8622884765,195690.19540191567,31207.338224212617,0.0,27629.271784048928,25245.961798814384
