var1_min,var2_min,var3_min,var4_min,var1_max,var2_max,var3_max,var4_max,var1_95th,var2_95th,var3_95th,var4_95th,obj1_min,obj2_min,obj1_max,obj2_max,obj1_95th,obj2_95th,cv1_min,cv1_max,cv1_95th
1.000002591552947,1.4142365532245773,1.4142277935363423,1.0000516421457368,2.9998176846441544,2.9999779576112915,2.9999030457824802,2.999891391391954,2.9998052447876415,2.9999672162903397,2.9998995348867283,2.999878675093374,1471.2280706521553,0.003896426687828877,3409.8690422179516,0.04780506940261176,3386.974730685018,0.04721370014629482,0.0,0.0,0.0
