var1_min,var2_min,var3_min,var1_max,var2_max,var3_max,var1_95th,var2_95th,var3_95th,obj1_min,obj2_min,obj1_max,obj2_max,obj1_95th,obj2_95th,cv1_min,cv1_max,cv1_95th
0.511822618237589,0.6001280057803421,0.5109497682433731,70.48930446499611,2.9999806446150497,42.48837756845446,70.4870214123358,2.999973638558549,42.48618754649799,0.00047140236150566264,41732.34908526149,130.08411530857066,10521985797.068966,123.92084410244124,10512174622.287775,0.0,10521817593.549738,10511996692.423672
