var1_min,var2_min,var3_min,var4_min,var5_min,var1_max,var2_max,var3_max,var4_max,var5_max,var1_95th,var2_95th,var3_95th,var4_95th,var5_95th,obj1_min,obj2_min,obj1_max,obj2_max,obj1_95th,obj2_95th,cv1_min,cv1_max,cv1_95th
7.845682587197289e-06,0.00015909888639430348,2.1084919172075886e-05,0.00011552223989441668,5.134566844741251e-05,0.9999949090894055,19.9996167078514,19.99992832178885,19.999954640581596,19.99987292633723,0.9999856863887601,19.999221461205483,19.999842459943107,19.9998564430843,19.999628419067978,0.0,0.8820931003081629,1.0,75.28192256557023,1.0,73.99689998547335,0.0,0.8472101989027194,0.8416951403385098
