var1_min,var2_min,var3_min,var4_min,var5_min,var6_min,var7_min,var8_min,var9_min,var10_min,var1_max,var2_max,var3_max,var4_max,var5_max,var6_max,var7_max,var8_max,var9_max,var10_max,var1_95th,var2_95th,var3_95th,var4_95th,var5_95th,var6_95th,var7_95th,var8_95th,var9_95th,var10_95th,obj1_min,obj2_min,obj1_max,obj2_max,obj1_95th,obj2_95th,cv1_min,cv1_max,cv1_95th
3.450932868814382e-06,3.4848394584695983e-06,2.4657427000328757e-06,1.896878800912902e-07,5.210493064227988e-06,2.7969328406229725e-07,1.2815739905342982e-06,1.9342588412873724e-06,2.2167832548437953e-06,8.326600697860033e-06,1.4142122929726864,1.4142068763198559,1.414211893841685,1.4142118891569968,1.4142037441956785,1.414212579558603,1.4142128944900003,1.4142066321961044,1.4142129026767323,1.4142120637962758,1.414208084604507,1.414182897819022,1.414192666792741,1.4141849336436616,1.414194728565643,1.4142048959449436,1.4142044883204974,1.4141982937896855,1.414193456888621,1.4141963455128699,1.1241303713765806e-05,0.010260571844572335,19.500817233772448,19.330720385717864,17.77632618393358,18.992406170269867,0.0,633500.1092955235,446370.4295169145
