scr,fsr,corr_obj_min,corr_obj_max,corr_obj_range,skew_avg,skew_min,skew_max,skew_rnge,kurt_avg,kurt_min,kurt_max,kurt_rnge,mean_uc_rk,std_uc_rk,min_uc_rk,max_uc_rk,skew_uc_rk,kurt_uc_rk,mean_cv,std_cv,min_cv,max_cv,skew_cv,kurt_cv,piz_ob_min,piz_ob_max,piz_ob_f,PFd,PFCV,PS_dist_max,PS_dist_mean,PS_dist_iqr,PF_dist_max,PF_dist_mean,PF_dist_iqr,hv_est,uhv_est,hv_uhv_n,GD_cpo_upo,upo_n,po_n,cpo_upo_n,cover_cpo_upo_n,dist_c_corr,corr_obj_cv_min,corr_obj_cv_max,corr_obj_uc_rk_min,corr_obj_uc_rk_max,corr_cv_ranks,rk_uc_mdl_r2,rk_uc_range_coeff,cv_mdl_r2,cv_range_coeff,H_max,eps_s,m0,eps05
0.0,1.0,-0.7492307692307693,-0.7492307692307693,0.0,0.11227371854345367,0.02865026264261107,0.19589717444429625,0.16724691180168516,-0.9501194927918901,-1.2055899170060207,-0.6946490685777595,0.5109408484282612,2.36,1.2611106216347556,1,5,0.616109227865277,-0.6725119327635829,0.0,0.0,0.0,0.0,0,0,0.24,0.24,0.3,0.19058142739695302,0.0,1.305363092908211,0.9268283711806218,0.2783503538264309,1.0923651620023416,0.46880191675978267,0.398113037544994,0.8388875360526908,0.8388875360526908,1.0,0.0,0.32,0.32,1.0,1.0,0,0.0,0.0,0.0,0.40021495566857473,0,0.8824529498405972,2.2191118748464738,1.0,0.0,0,,0.0,
0.0,1.0,-0.6315384615384615,-0.6315384615384615,0.0,0.18329650210166765,-0.0017781493825032512,0.36837115358583855,0.3701493029683418,-0.7496692815905417,-1.1913863780987919,-0.3079521850822915,0.8834341930165004,2.48,1.2039933554633928,1,5,0.2532411502672335,-1.0705743900121336,0.0,0.0,0.0,0.0,0,0,0.24,0.28,0.26,0.15003856107897107,0.0,1.2904117930842247,0.8597940224238586,0.36966635968764905,1.1588063089390426,0.5748080394105713,0.386728263988239,0.865981972122942,0.865981972122942,1.0,0.0,0.28,0.28,1.0,1.0,0,0.0,0.0,0.0,0.5059491849676397,0,0.8221029158640073,1.7319647405836185,1.0,0.0,0,,0.0,
0.0,1.0,-0.41846153846153844,-0.41846153846153844,0.0,-0.0055093416768673634,-0.016699469518585752,0.005680786164851025,0.022380255683436778,-1.2249752760225614,-1.2305814172289493,-1.2193691348161735,0.011212282412775831,2.64,1.1959933110180843,1,5,0.29898485996803575,-0.787209284867048,0.0,0.0,0.0,0.0,0,0,0.24,0.28,0.24,0.16451570823906275,0.0,1.680486869569024,0.9430105820926465,0.4829768699535393,1.0725787435331988,0.5589884018141896,0.5556080187063649,0.9169277712799462,0.9169277712799462,1.0,0.0,0.2,0.2,1.0,1.0,0,0.0,0.0,0.0,0.5139488502583522,0,0.7817254122091802,1.1708724542493418,1.0,0.0,0,,0.0,
