var1_min,var2_min,var3_min,var4_min,var5_min,var1_max,var2_max,var3_max,var4_max,var5_max,var1_95th,var2_95th,var3_95th,var4_95th,var5_95th,obj1_min,obj2_min,obj1_max,obj2_max,obj1_95th,obj2_95th,cv1_min,cv1_max,cv1_95th
5.206379149573448e-05,0.00027884228783981,0.00014089750751935748,0.0001498420721956495,0.0008932039872949548,0.9990485236211957,0.9997037468585289,0.9998057247496681,0.9999662403922089,0.9987463622468681,0.9985056619235305,0.9992409188932494,0.9986659238054159,0.9981337993748175,0.9982167567682746,0.0,0.28726010748942243,0.9990485236211957,4.088092330524926,0.9985056619235305,3.849742250476757,0.0,188.91716313235844,2.2525297436714413
