var1_min,var2_min,var3_min,var4_min,var5_min,var1_max,var2_max,var3_max,var4_max,var5_max,var1_95th,var2_95th,var3_95th,var4_95th,var5_95th,obj1_min,obj2_min,obj1_max,obj2_max,obj1_95th,obj2_95th,cv1_min,cv1_max,cv1_95th
4.565942766610675e-06,1e-05,4.088385602475938e-06,1e-05,1e-05,0.9999949838805584,0.9999981167307852,0.999995125959766,0.99999,0.99999,0.99999,0.9998690335277525,0.99999,0.9677549529402714,0.9992163825670213,0.0,0.28726010748942243,0.9999949838805584,3.983924178154105,0.99999,3.2958530630770135,0.0,5.206013279402117,0.0
