var1_min,var2_min,var3_min,var4_min,var5_min,var6_min,var7_min,var8_min,var9_min,var10_min,var1_max,var2_max,var3_max,var4_max,var5_max,var6_max,var7_max,var8_max,var9_max,var10_max,var1_95th,var2_95th,var3_95th,var4_95th,var5_95th,var6_95th,var7_95th,var8_95th,var9_95th,var10_95th,obj1_min,obj2_min,obj1_max,obj2_max,obj1_95th,obj2_95th,cv1_min,cv1_max,cv1_95th
3.1702967785585677e-06,2.410401597814327e-06,6.176369187200991e-07,2.793926753316134e-07,4.158885296001002e-06,2.2394582196772707e-06,2.5256314034977747e-06,1.8415903803417066e-06,1.942718716045786e-05,8.461128413460284e-06,0.9999950274689552,0.9999945599014458,0.9999996689070288,0.9999939167277758,0.9999964709155078,0.9999967875852057,0.9999995996031037,0.9999981604647004,0.9999947178670611,0.9999945940459402,0.9999894195924536,0.9999821702473819,0.9999924302650921,0.9999868788447683,0.9999931647733463,0.9999841300050687,0.9999802442908284,0.9999894264392423,0.9999866942721842,0.9999837839979059,1.349847473319426e-54,0.0,19.225808342210463,25.286408069737032,18.4233918548983,23.672839685183323,0.0,4367655.9514727965,3683681.5327775306
