var1_min,var2_min,var3_min,var4_min,var5_min,var6_min,var7_min,var8_min,var9_min,var10_min,var11_min,var12_min,var13_min,var14_min,var15_min,var16_min,var17_min,var18_min,var19_min,var20_min,var1_max,var2_max,var3_max,var4_max,var5_max,var6_max,var7_max,var8_max,var9_max,var10_max,var11_max,var12_max,var13_max,var14_max,var15_max,var16_max,var17_max,var18_max,var19_max,var20_max,var1_95th,var2_95th,var3_95th,var4_95th,var5_95th,var6_95th,var7_95th,var8_95th,var9_95th,var10_95th,var11_95th,var12_95th,var13_95th,var14_95th,var15_95th,var16_95th,var17_95th,var18_95th,var19_95th,var20_95th,obj1_min,obj2_min,obj1_max,obj2_max,obj1_95th,obj2_95th,cv1_min,cv1_max,cv1_95th
1.0561372349961149e-07,3.803705119496653e-10,1.8359364841703495e-08,1.9093070805413997e-08,4.431389505344101e-08,1.252569036966228e-07,5.793323469240654e-09,4.127447125874473e-08,2.633161912765654e-07,1.4259210198809626e-07,2.6215977195869478e-08,1.818518143632141e-08,1.2786797615225418e-07,1.597349786067595e-08,4.982881877556565e-09,3.2837674968453666e-08,5.809858327584132e-08,1.791043625235848e-08,9.387395966033132e-08,5.1468604444333554e-08,1.4142134287890293,1.4142135137356548,1.4142135580262991,1.4142134801523212,1.4142135588955098,1.4142135594205782,1.414213519216819,1.4142135516382826,1.4142133322671677,1.4142135523469912,1.4142135102678681,1.4142134198828173,1.4142133753464452,1.4142135563297575,1.4142135050079505,1.4142135588909852,1.4142135548926942,1.4142134910107713,1.4142135314492177,1.414213537186679,1.4142094157891711,1.4142106229972278,1.4142105786086716,1.414209017568316,1.4142106446913953,1.4142104806627072,1.4142104978558183,1.4142098399824437,1.4142101603408432,1.4142097720900602,1.4142089824468895,1.4142099266354635,1.414210332812846,1.4142095600159574,1.4142100670244182,1.414210037240863,1.414209976012338,1.4142100975412533,1.4142101631896824,1.4142099881956969,1.3803257345247262e-06,0.004040089404967955,40.68941829428421,37.93520709470614,25.954952431265937,27.27162967151928,0.0,11966024.19441101,2015004.894731149
