var1_min,var2_min,var3_min,var4_min,var5_min,var6_min,var7_min,var1_max,var2_max,var3_max,var4_max,var5_max,var6_max,var7_max,var1_95th,var2_95th,var3_95th,var4_95th,var5_95th,var6_95th,var7_95th,obj1_min,obj2_min,obj1_max,obj2_max,obj1_95th,obj2_95th,cv1_min,cv1_max,cv1_95th
0.0020059826500522992,0.0014092840479256836,0.0005166074073143607,-0.4899810079463921,-0.48990900698126477,-0.48997511940601507,-0.48994420661129995,99.99955115000748,99.99782222036498,99.99735143892006,1.489997189332092,1.4899684147169912,1.4899862731758906,1.489953997670938,99.99937920863965,99.99717785610616,99.99691911287313,1.4899813088793958,1.489916254184103,1.489979850426604,1.4899233791505504,-0.6931476805598203,2.7393728579905803,2.9999990000005,28352.917757785275,2.9999990000005,27912.78653915472,0.0,34096.265768163554,33546.94895751121
