var1_min,var2_min,var3_min,var4_min,var5_min,var6_min,var1_max,var2_max,var3_max,var4_max,var5_max,var6_max,var1_95th,var2_95th,var3_95th,var4_95th,var5_95th,var6_95th,obj1_min,obj2_min,obj1_max,obj2_max,obj1_95th,obj2_95th,cv1_min,cv1_max,cv1_95th
1.3000007806591853,2.5000007564728772,1.3000008629008113,1.3000001648120718,1.3000004821888762,1.300000206061715,1.6999996790641345,3.4999959567041548,1.6999999912299553,1.6999995431215518,1.6999984399169625,1.6999994587572973,1.6999978544344463,3.499990422909731,1.6999963229937443,1.6999969611682,1.6999961618784167,1.6999960784902637,1.3007684173555754,20.084714824345177,1.3146486925199588,25.871566808138148,1.3138107957563125,25.543970100197207,0.0,0.0,0.0
