var1_min,var2_min,var3_min,var4_min,var5_min,var6_min,var1_max,var2_max,var3_max,var4_max,var5_max,var6_max,var1_95th,var2_95th,var3_95th,var4_95th,var5_95th,var6_95th,obj1_min,obj2_min,obj1_max,obj2_max,obj1_95th,obj2_95th,cv1_min,cv1_max,cv1_95th
1.3000137208737743,2.5000126846477415,1.3000049441864854,1.300007026215725,1.3000213680794308,1.300000296378162,1.699994519677242,3.4999974956604003,1.6999946100289454,1.6999982212457079,1.699990009992287,1.699998716729488,1.6999827239051981,3.49998576828309,1.6999942189640516,1.699995167105501,1.6999853290604068,1.6999919112195239,1.3007664549451898,19.996714501711246,1.314808043969258,25.803641400267807,1.3145905893321634,25.80362659491267,0.0,0.0,0.0
