var1_min,var2_min,var1_max,var2_max,var1_95th,var2_95th,obj1_min,obj2_min,obj3_min,obj1_max,obj2_max,obj3_max,obj1_95th,obj2_95th,obj3_95th,cv1_min,cv1_max,cv1_95th
1.8575828542875538e-06,2.8467762960889654e-05,0.9999981843608272,0.99996840779487,0.9999626458635826,0.999899670859268,0.0,0.0,0.0,1.0,1.0,1.0,1.0,1.0,1.0,0.0,0.43749999998453204,0.43749995224747235
