var1_min,var2_min,var3_min,var4_min,var5_min,var6_min,var7_min,var8_min,var9_min,var10_min,var1_max,var2_max,var3_max,var4_max,var5_max,var6_max,var7_max,var8_max,var9_max,var10_max,var1_95th,var2_95th,var3_95th,var4_95th,var5_95th,var6_95th,var7_95th,var8_95th,var9_95th,var10_95th,obj1_min,obj2_min,obj1_max,obj2_max,obj1_95th,obj2_95th,cv1_min,cv1_max,cv1_95th
2.1044678383089277e-05,2.2938782508647858e-05,1.7435433838544733e-06,1.34129586321452e-07,2.9046319791795505e-05,1.9777301781278567e-07,9.062096592991065e-07,1.3677275432443348e-06,3.174709448112467e-06,5.887795817689467e-06,0.999981560429297,0.9999952722464152,0.9999976304449885,0.9999729663209664,0.9999846768138139,0.999999305045208,0.9999962894291875,0.9999894718119396,0.9999959333274215,0.9999986920308713,0.9999714916559926,0.9999786196029421,0.9999853841305044,0.9999723928456453,0.9999666817864,0.9999737269479927,0.9999935836758753,0.9999861149896915,0.9999853938881342,0.9999875025221211,0.0,0.0,2.8113906071085317,2.684335025758596,2.6571905597175456,2.6008260110542225,0.0,0.9739327800685517,0.9437383546683459
