var1_min,var2_min,var3_min,var4_min,var5_min,var6_min,var7_min,var8_min,var9_min,var10_min,var11_min,var12_min,var13_min,var14_min,var15_min,var16_min,var17_min,var18_min,var19_min,var20_min,var1_max,var2_max,var3_max,var4_max,var5_max,var6_max,var7_max,var8_max,var9_max,var10_max,var11_max,var12_max,var13_max,var14_max,var15_max,var16_max,var17_max,var18_max,var19_max,var20_max,var1_95th,var2_95th,var3_95th,var4_95th,var5_95th,var6_95th,var7_95th,var8_95th,var9_95th,var10_95th,var11_95th,var12_95th,var13_95th,var14_95th,var15_95th,var16_95th,var17_95th,var18_95th,var19_95th,var20_95th,obj1_min,obj2_min,obj1_max,obj2_max,obj1_95th,obj2_95th,cv1_min,cv1_max,cv1_95th
2.2857895091490928e-06,0.3000004424711467,9.000002001922976,30.000000015169334,0.3000001062443732,5.000002876750737,-19.999994073375788,-3.1415919955100624,9.000008192626575,30.000014617739982,0.3000002300645707,5.000001025077114,-19.999997861796547,-3.141591957728833,9.000013892221068,30.000021985564352,0.30000005205799873,5.0000020184287735,-19.99999868774037,-3.141590249006418,4.999998281945874,1.9999984487079945,40.99999508195969,80.99997416769527,0.9999999967037547,14.999997201439365,19.99999364648574,3.141589505410816,40.99998839425175,80.99997076316865,0.9999995779209851,14.999998659102795,19.999989345359566,3.141591228742354,40.99998998006434,80.99999090433545,0.9999997714946811,14.999999426731382,19.99999218109471,3.1415924886008675,4.999988434146866,1.9999923606814212,40.99992577528374,80.99985755267055,0.9999973533607707,14.999978103730353,19.99990434513982,3.1415758065941257,40.99992908036678,80.99988618758888,0.9999984851219056,14.99997322501012,19.99992849219873,3.141584858577567,40.99994111050114,80.99985055089033,0.9999989684603551,14.999972814603321,19.999863039971032,3.1415787517947122,0.13778246831645147,-1.9922310348795862,1.6354717126045148,0.9893502201753929,1.515178201895781,0.9842819191151186,0.0,4584008.870544,106696.01542619252
