var1_min,var2_min,var3_min,var4_min,var5_min,var1_max,var2_max,var3_max,var4_max,var5_max,var1_95th,var2_95th,var3_95th,var4_95th,var5_95th,obj1_min,obj2_min,obj1_max,obj2_max,obj1_95th,obj2_95th,cv1_min,cv1_max,cv1_95th
1e-05,1e-05,1e-05,1e-05,1e-05,0.99999,0.99999,0.9999966275786794,0.9999940124211121,0.9999953516821968,0.99999,0.9712336281012611,0.99999,0.9994533348786601,0.9718220152544705,0.4005678053802933,0.5,8.9324727824619,9.149077055220591,8.415867059790926,8.796784589894836,0.0,55.17066456433606,49.48081213692618
