var1_min,var2_min,var3_min,var4_min,var5_min,var1_max,var2_max,var3_max,var4_max,var5_max,var1_95th,var2_95th,var3_95th,var4_95th,var5_95th,obj1_min,obj2_min,obj1_max,obj2_max,obj1_95th,obj2_95th,cv1_min,cv1_max,cv1_95th
0.0015218652467251037,0.00010459567808831949,4.543153379173104e-05,0.0003078845650917239,6.95633884024327e-05,0.9998989864382435,0.9998228759534576,0.999394882170735,0.9991906128111139,0.9996089849364018,0.9998077317758313,0.9990504993217735,0.998492592411874,0.99859645686804,0.9993180180088912,0.47418047875035824,0.4953233948155433,9.106952632065415,9.222781487004383,8.622777214846876,8.740192717885673,0.0,55.15380533869345,51.96038358938109
