var1_min,var2_min,var3_min,var4_min,var5_min,var6_min,var7_min,var8_min,var9_min,var10_min,var11_min,var12_min,var13_min,var14_min,var15_min,var16_min,var17_min,var18_min,var19_min,var20_min,var1_max,var2_max,var3_max,var4_max,var5_max,var6_max,var7_max,var8_max,var9_max,var10_max,var11_max,var12_max,var13_max,var14_max,var15_max,var16_max,var17_max,var18_max,var19_max,var20_max,var1_95th,var2_95th,var3_95th,var4_95th,var5_95th,var6_95th,var7_95th,var8_95th,var9_95th,var10_95th,var11_95th,var12_95th,var13_95th,var14_95th,var15_95th,var16_95th,var17_95th,var18_95th,var19_95th,var20_95th,obj1_min,obj2_min,obj1_max,obj2_max,obj1_95th,obj2_95th,cv1_min,cv1_max,cv1_95th
4.620625680310826e-07,4.700462755353797e-07,1.907623756543061e-06,1.8305473725362657e-06,2.008179921802235e-07,1.9025896184463663e-08,1.227858068482938e-06,1.1489762640598449e-05,2.451341761732787e-06,5.886400630465523e-06,6.008390004660674e-07,3.490110600317547e-06,1.3562957879787316e-06,3.2434020299766584e-06,1.9695742005704574e-06,2.4208284976250507e-06,1.6147454607906364e-06,6.8506663511323e-07,5.396099052846134e-06,1.0551834478167526e-06,1.414213171514317,1.41421279100528,1.4142111271349416,1.414212962321189,1.4142115962022488,1.4142028923904761,1.4142124088285208,1.4142073742014778,1.414212360090479,1.414212816305266,1.4142132767870939,1.4142128404793912,1.4142129623853112,1.4142113123650832,1.4142108424326851,1.4142098866929305,1.4142103065186853,1.4142091980447737,1.41421269590575,1.4142078829900904,1.414193033722264,1.4142002295198872,1.4142019774738,1.4141939182758039,1.414192666555785,1.4141847784692423,1.414190857660591,1.4141931916700825,1.414197224078338,1.4142087180302718,1.4141922199864478,1.414197429235211,1.4142001640537936,1.4142091075482086,1.4141955315862909,1.4141965001617622,1.4141968881236233,1.4141902274868863,1.414207246803632,1.4141964523648396,5.0148923257546226e-06,0.008563149655365953,29.540396970666798,31.73364194536942,28.93027874785154,30.03235582259793,0.0,3376092.96106295,3065053.2422354957
