var1_min,var2_min,var3_min,var4_min,var5_min,var6_min,var7_min,var8_min,var9_min,var10_min,var1_max,var2_max,var3_max,var4_max,var5_max,var6_max,var7_max,var8_max,var9_max,var10_max,var1_95th,var2_95th,var3_95th,var4_95th,var5_95th,var6_95th,var7_95th,var8_95th,var9_95th,var10_95th,obj1_min,obj2_min,obj1_max,obj2_max,obj1_95th,obj2_95th,cv1_min,cv1_max,cv1_95th
1.5251694103497342e-05,5.551198044066258e-07,5.118241880404432e-06,3.0154578443608294e-06,8.822881803055841e-07,6.380993173271692e-06,1.6248038270994142e-06,8.006686940722547e-06,2.3776300466766267e-06,1.8888288735062577e-07,1.414210505428124,1.4142110513025108,1.414210035743376,1.4142016045115005,1.414207198353762,1.4142070013658394,1.4142050181814634,1.4142104197297614,1.4142123265057382,1.4142076895743314,1.414198728876878,1.4142053385015134,1.414193755827266,1.414190991749717,1.4142035876564096,1.4141925110426596,1.4141956736360999,1.4142026275089383,1.414204316708532,1.414194763226953,3.9685061519148855e-05,0.015720588462246696,20.469620358806964,22.187341459578874,18.75706833048078,18.928661797581874,0.0,768868.3458620441,547411.3665146923
