var1_min,var2_min,var3_min,var4_min,var5_min,var6_min,var7_min,var8_min,var9_min,var10_min,var1_max,var2_max,var3_max,var4_max,var5_max,var6_max,var7_max,var8_max,var9_max,var10_max,var1_95th,var2_95th,var3_95th,var4_95th,var5_95th,var6_95th,var7_95th,var8_95th,var9_95th,var10_95th,obj1_min,obj2_min,obj1_max,obj2_max,obj1_95th,obj2_95th,cv1_min,cv1_max,cv1_95th
2.4974083724301717e-07,2.543399017883294e-08,5.530600182659291e-07,1.8797427773746493e-07,6.383356216144926e-08,5.515677166072694e-08,2.002078942096368e-07,3.414823531997896e-07,3.186709842125499e-07,1.4554733817831165e-08,1.414213270480645,1.4142133953700073,1.4142134069700463,1.414213342978326,1.414213131269003,1.4142132580516793,1.4142134516766203,1.4142135107837046,1.4142135402018154,1.4142135366137745,1.4142063943781495,1.4142044064895507,1.4142061647845134,1.4142080723420083,1.414207608588318,1.4142063214616598,1.4142068289549645,1.4142071658520103,1.4142070294543672,1.4142052652303856,8.572392792264303e-07,0.007887685870699997,19.94842934425125,21.889073288442457,14.914312268051278,16.1893988846492,0.0,696498.2216975215,213853.36448413346
