var1_min,var2_min,var3_min,var4_min,var5_min,var6_min,var7_min,var8_min,var9_min,var10_min,var1_max,var2_max,var3_max,var4_max,var5_max,var6_max,var7_max,var8_max,var9_max,var10_max,var1_95th,var2_95th,var3_95th,var4_95th,var5_95th,var6_95th,var7_95th,var8_95th,var9_95th,var10_95th,obj1_min,obj2_min,obj1_max,obj2_max,obj1_95th,obj2_95th,cv1_min,cv1_max,cv1_95th
2.063598318812962e-07,-1.9999877824729615,-1.9999999293884752,-1.9999960186377026,-1.9999981929342292,-1.9999980303286093,-1.9999939597627983,-1.999999515336288,-1.9999998635022513,-1.999986943975317,0.9999991524302004,1.9999960466575906,1.9999991875457042,1.9999927262492347,1.999995896742667,1.9999999507899124,1.999999455563377,1.999998077969253,1.9999979314709524,1.9999995097605758,0.9999965430280914,1.9999782273327895,1.9999642594687412,1.999969139177763,1.9999804089432598,1.9999735654255246,1.9999809181812718,1.9999676746785293,1.9999658138540581,1.999985479972064,0.0,0.125,47.12726019743459,53.78502598408085,41.65453305422866,44.86825095186151,0.0,2.7133315830268394,2.685260241710244
