var1_min,var2_min,var3_min,var4_min,var5_min,var6_min,var7_min,var8_min,var9_min,var10_min,var1_max,var2_max,var3_max,var4_max,var5_max,var6_max,var7_max,var8_max,var9_max,var10_max,var1_95th,var2_95th,var3_95th,var4_95th,var5_95th,var6_95th,var7_95th,var8_95th,var9_95th,var10_95th,obj1_min,obj2_min,obj1_max,obj2_max,obj1_95th,obj2_95th,cv1_min,cv1_max,cv1_95th
2.1044678383089277e-05,-1.9999082448699654,-1.9999930258264647,-1.9999994634816547,-1.9998838147208329,-1.9999992089079288,-1.9999963751613627,-1.9999945290898271,-1.9999873011622076,-1.9999764488167293,0.999981560429297,1.9999810889856606,1.9999905217799538,1.9998918652838658,1.9999387072552555,1.9999972201808318,1.99998515771675,1.9999578872477586,1.9999837333096862,1.9999947681234853,0.9999714916559926,1.9999144784117684,1.9999415365220174,1.9998895713825813,1.9998667271456003,1.999894907791971,1.9999743347035015,1.999944459958766,1.9999415755525367,1.9999500100884846,0.0,0.125,49.255210162192434,53.48489655912491,48.57691009761275,49.602157533339074,0.0,2.6777335451486546,2.676883145396754
