var1_min,var2_min,var3_min,var4_min,var5_min,var6_min,var7_min,var8_min,var9_min,var10_min,var11_min,var12_min,var13_min,var14_min,var15_min,var16_min,var17_min,var18_min,var19_min,var20_min,var1_max,var2_max,var3_max,var4_max,var5_max,var6_max,var7_max,var8_max,var9_max,var10_max,var11_max,var12_max,var13_max,var14_max,var15_max,var16_max,var17_max,var18_max,var19_max,var20_max,var1_95th,var2_95th,var3_95th,var4_95th,var5_95th,var6_95th,var7_95th,var8_95th,var9_95th,var10_95th,var11_95th,var12_95th,var13_95th,var14_95th,var15_95th,var16_95th,var17_95th,var18_95th,var19_95th,var20_95th,obj1_min,obj2_min,obj1_max,obj2_max,obj1_95th,obj2_95th,cv1_min,cv1_max,cv1_95th
2.0767955010013674e-06,1.2742937816437739e-05,3.1873855420017174e-05,1.9049552361805587e-05,9.248572397947256e-05,2.5269067140152757e-06,5.359392744480828e-06,0.00017394162915263856,3.100885926813106e-05,6.252460807664963e-05,3.75398720635026e-05,0.00011664601110335777,1.1770121558848422e-05,3.390657814590021e-05,1.7023638050785193e-05,4.51777667139277e-05,1.1865489269458961e-05,1.921602776356579e-06,6.175417857417607e-05,1.4632520726883057e-05,0.99999824566508,19.999981825464438,19.99999093564182,19.99999858661807,19.999991595422426,19.999983786537374,19.99986948947727,19.999916131698082,19.9999484976857,19.999996410125753,19.999768232025176,19.999990941751037,19.99989480777354,19.999924038032376,19.999991511148654,19.99998773304263,19.9999926165056,19.999966632494264,19.999935031611116,19.99998107753569,0.9999932013056059,19.999892773557363,19.999830472123143,19.999773582102886,19.999943950956865,19.99988989986486,19.999613159567353,19.999817021145258,19.999812398069427,19.999681172802386,19.999522205201902,19.999726237323664,19.999824269839266,19.999848635358767,19.999863221948505,19.999942297642093,19.999954866669164,19.999761688587075,19.99980431843044,19.99976925313796,0.0,0.8820931003081629,1.0,289.41017614803286,1.0,280.29040490331835,0.0,0.0,0.0
