var1_min,var2_min,var3_min,var4_min,var5_min,var6_min,var7_min,var8_min,var9_min,var10_min,var11_min,var12_min,var13_min,var14_min,var15_min,var16_min,var17_min,var18_min,var19_min,var20_min,var1_max,var2_max,var3_max,var4_max,var5_max,var6_max,var7_max,var8_max,var9_max,var10_max,var11_max,var12_max,var13_max,var14_max,var15_max,var16_max,var17_max,var18_max,var19_max,var20_max,var1_95th,var2_95th,var3_95th,var4_95th,var5_95th,var6_95th,var7_95th,var8_95th,var9_95th,var10_95th,var11_95th,var12_95th,var13_95th,var14_95th,var15_95th,var16_95th,var17_95th,var18_95th,var19_95th,var20_95th,obj1_min,obj2_min,obj1_max,obj2_max,obj1_95th,obj2_95th,cv1_min,cv1_max,cv1_95th
3.267275751872489e-07,3.3237290890254735e-07,1.3488936942041541e-06,1.2943924604036106e-06,1.419997640549031e-07,1.3453340210185516e-08,8.682267665589017e-07,8.124489077391015e-06,1.7333603827270317e-06,4.16231380258294e-06,4.2485733163090345e-07,2.4678808725755896e-06,9.59045948974513e-07,2.2934315695107088e-06,1.3926992732734434e-06,1.711784246760315e-06,1.1417974652152552e-06,4.844152632532151e-07,3.815618232221807e-06,7.461273713470273e-07,0.9999997236211075,0.999999454560587,0.9999982780265878,0.999999575699228,0.9999986097072616,0.9999924551829349,0.9999991843208091,0.9999956243018863,0.9999991498578092,0.9999994724503788,0.9999997980602019,0.9999994895440666,0.9999995757445693,0.999998409004077,0.9999980767116917,0.9999974009016301,0.9999976977632682,0.9999969139538486,0.9999993873150645,0.9999959840697644,0.9999854840517886,0.9999905722490842,0.999991808239149,0.9999861095255951,0.9999852244258816,0.9999796467063966,0.9999839453438235,0.9999855957377622,0.9999884470809842,0.9999965745323393,0.9999849086536751,0.9999885921488004,0.9999905259575653,0.9999968499631137,0.9999872503083805,0.9999879351946646,0.9999882095251272,0.9999834997437235,0.9999955342180056,0.9999879013971362,0.0,0.0,19.750963584510316,19.704055755429888,19.749047474313112,19.67525053807915,0.0,34673.78028298326,34660.21173720602
