var1_min,var2_min,var3_min,var4_min,var5_min,var1_max,var2_max,var3_max,var4_max,var5_max,var1_95th,var2_95th,var3_95th,var4_95th,var5_95th,obj1_min,obj2_min,obj1_max,obj2_max,obj1_95th,obj2_95th,cv1_min,cv1_max,cv1_95th
0.00691229529188977,0.006724802859682227,0.004725815776294851,0.0019499465019085615,6.699629567160858e-05,0.9996234352337542,0.9818617440035227,0.9890847945025486,0.9762460803203026,0.9711765131609923,0.9996234352337542,0.9818617440035227,0.9890847945025486,0.9762460803203026,0.9711765131609923,0.7057,0.7057,15.933085910601243,15.025485477909527,15.933085910601243,15.025485477909527,0.0,0.0,0.0
