scr,ncr_avg,ncr_r1,dist_x_avg,dist_x_r1,dist_f_avg,dist_f_r1,dist_c_avg,dist_c_r1,dist_f_c_avg,dist_f_c_r1,dist_f_dist_x_avg,dist_f_dist_x_r1,dist_c_dist_x_avg,dist_c_dist_x_r1,dist_f_c_dist_x_avg,dist_f_c_dist_x_r1,uhv_ss_avg,uhv_ss_r1,nuhv_avg,nuhv_r1,uhvd_avg,uhvd_r1,hv_ss_avg,hv_ss_r1,nhv_avg,nhv_r1,hvd_avg,hvd_r1,bhv_avg,bhv_r1,nrfbx,nncv_avg,nncv_r1,ncv_avg,ncv_r1,bncv_avg,bncv_r1,sup_avg,sup_r1,inf_avg,inf_r1,inc_avg,inc_r1,lnd_avg,lnd_r1,nfronts_avg,nfronts_r1,H_max,eps_s,m0,eps05
0.0,0.0,0.0,0.17631990907560036,0.0,0.06007477938466606,0.0,0.0,0.0,0.06007477938466606,0.0,0.3427593854907178,0.5,0.0,0.0,0.3427593854907178,0.5,0.49592094699471634,1.0,0.58109254453049,1.0,0.08517159753577358,0.0,0.49592094699471634,1.0,0.58109254453049,1.0,0.08517159753577358,0.0,0.58109254453049,1.0,0.0,0.0,0.0,0.0,0.0,0.0,0.0,0.32000000000000006,0.0,0.4,0.0,0.48,0.0,0.2,0.0,0.5800000000000001,0.0,0.0,,0.0,
0.0,0.0,0.0,0.18998534417304963,0.0,0.09916042622085736,0.0,0.0,0.0,0.09916042622085736,0.0,0.5267476346086322,0.0,0.0,0.0,0.5267476346086322,0.0,0.3943745536063711,1.0,0.5313015649845259,1.0,0.1369270113781546,0.0,0.3943745536063711,1.0,0.5313015649845259,1.0,0.1369270113781546,0.0,0.5313015649845259,1.0,0.0,0.0,0.0,0.0,0.0,0.0,0.0,0.33999999999999997,0.0,0.48000000000000004,0.0,0.38,0.0,0.2,0.0,0.7,0.0,0.0,,0.0,
0.0,0.0,0.0,0.20037204526325264,0.0,0.0790132829099798,0.0,0.0,0.0,0.0790132829099798,0.0,0.3980840507448895,0.0,0.0,0.0,0.3980840507448895,0.0,0.5936102797488182,1.0,0.7106552848917105,0.5,0.11704500514289226,0.0,0.5936102797488182,1.0,0.7106552848917105,0.5,0.11704500514289226,0.0,0.7106552848917105,0.5,0.0,0.0,0.0,0.0,0.0,0.0,0.0,0.30000000000000004,0.0,0.5,0.0,0.4,0.0,0.2,0.0,0.64,0.0,0.0,,0.0,
