scr,fsr,corr_obj_min,corr_obj_max,corr_obj_range,skew_avg,skew_min,skew_max,skew_rnge,kurt_avg,kurt_min,kurt_max,kurt_rnge,mean_uc_rk,std_uc_rk,min_uc_rk,max_uc_rk,skew_uc_rk,kurt_uc_rk,mean_cv,std_cv,min_cv,max_cv,skew_cv,kurt_cv,piz_ob_min,piz_ob_max,piz_ob_f,PFd,PFCV,PS_dist_max,PS_dist_mean,PS_dist_iqr,PF_dist_max,PF_dist_mean,PF_dist_iqr,hv_est,uhv_est,hv_uhv_n,GD_cpo_upo,upo_n,po_n,cpo_upo_n,cover_cpo_upo_n,dist_c_corr,corr_obj_cv_min,corr_obj_cv_max,corr_obj_uc_rk_min,corr_obj_uc_rk_max,corr_cv_ranks,rk_uc_mdl_r2,rk_uc_range_coeff,cv_mdl_r2,cv_range_coeff,H_max,eps_s,m0,eps05
0.0,1.0,0.0,0.0,0.0,1.3598426408917312,0.5582432253618111,2.1614420564216514,1.6031988310598404,2.6342740528309587,-0.09172828431969338,5.36027638998161,5.452004674301303,2.76,1.3047605144240073,1,5,0.23390343787307155,-1.0997971903442816,0.0,0.0,0.0,0.0,0,0,0.4,0.64,0.24,0.1024055110021632,0.0,1.0726933511273822,0.823483788136562,0.0696263206148997,0.8067941518774081,0.3751352528311602,0.5965721280619267,1.1127769775356637,1.1127769775356637,1.0,0.0,0.2,0.2,1.0,1.0,0,0.0,0.0,0.0,0.673416256185053,0,0.33106708741769086,-2.1817741952629266,1.0,0.0,0,,0.0,
0.0,1.0,0.0,0.0,0.0,1.0486686978888433,0.9074687438983343,1.1898686518793524,0.2823999079810181,0.7632127775400057,0.5337901464256025,0.9926354086544089,0.4588452622288064,3.44,1.899052395275075,1,7,0.2327971866986183,-1.292554929459921,0.0,0.0,0.0,0.0,0,0,0.4,0.52,0.2,0.08703619950643338,0.0,1.2053410633878376,0.9022086070863249,0.3653369736383566,0.5276894755893506,0.2539101637215266,0.3485348904711243,1.140267868632403,1.140267868632403,1.0,0.0,0.2,0.2,1.0,1.0,0,0.0,0.0,0.0,0.8860275752993083,0,0.2537590332873524,-1.959064569280345,1.0,0.0,0,,0.0,
0.0,1.0,0.0,0.0,0.0,0.8538011683740709,0.4374072723108191,1.2701950644373228,0.8327877921265037,-0.19336924185485005,-0.9047099789982824,0.5179714952885823,1.4226814742868648,3.64,2.0567936211491906,1,8,0.6821569074151067,-0.5055856779600885,0.0,0.0,0.0,0.0,0,0,0.32,0.64,0.2,0.04859275795278653,0.0,1.0131090659951125,0.7543724675950413,0.23924795277388844,0.7067578046157752,0.4720455380029533,0.21081599981703292,1.144514225693997,1.144514225693997,1.0,0.0,0.12,0.12,1.0,1.0,0,0.0,0.0,0.0,0.9127079229130682,0,-0.1662895838114573,-0.06734371501679837,1.0,0.0,0,,0.0,
