sup_avg,inf_avg,inc_avg,lnd_avg,uhv_ss_avg,nuhv_avg,uhvd_avg,hv_ss_avg,nhv_avg,hvd_avg,bhv_avg,length_avg
0.38333333333333336,0.43333333333333335,0.3833333333333334,0.2,0.6122656477904435,0.7322773497907107,0.12001170200026723,0.6122656477904435,0.7322773497907107,0.12001170200026723,0.7322773497907107,3.5
0.22000000000000003,0.3733333333333333,0.6066666666666667,0.2,0.8081116853247281,0.8700620892344493,0.06195040390972142,0.8081116853247281,0.8700620892344493,0.06195040390972142,0.8700620892344495,4.0
0.25,0.5,0.44999999999999996,0.2,0.7178366475191238,0.8203151721548827,0.10247852463575893,0.7178366475191238,0.8203151721548827,0.10247852463575893,0.8188219712647046,4.5
