var1_min,var2_min,var3_min,var4_min,var5_min,var1_max,var2_max,var3_max,var4_max,var5_max,var1_95th,var2_95th,var3_95th,var4_95th,var5_95th,obj1_min,obj2_min,obj1_max,obj2_max,obj1_95th,obj2_95th,cv1_min,cv1_max,cv1_95th
1e-05,1e-05,0.00848181580640972,0.002124398224538762,0.07580622808467866,0.7499456304277881,0.39892177652733346,0.99748631773808,0.99999,0.978587047112032,0.7451669053602491,0.3959464201875028,0.9580180793768508,0.99999,0.9736203326145092,0.7057,0.7057,15.365658466958841,18.79445639216345,13.860137324182467,18.71238850922804,0.0,0.0,0.0
