var1_min,var2_min,var1_max,var2_max,var1_95th,var2_95th,obj1_min,obj2_min,obj1_max,obj2_max,obj1_95th,obj2_95th,cv1_min,cv1_max,cv1_95th
0.010000417505404546,0.2000271180058785,0.04999940591485763,0.9999639228755799,0.04999937628603553,0.9999344535648234,0.12498226351373606,4.6594172676249454e-05,15.180345953263462,3.100095373824885,15.170430234238518,3.0069652734905628,0.0,9615387.36569817,9467145.577525333
