var1_min,var2_min,var1_max,var2_max,var1_95th,var2_95th,obj1_min,obj2_min,obj1_max,obj2_max,obj1_95th,obj2_95th,cv1_min,cv1_max,cv1_95th
5.02405889466308e-06,4.1206062891309e-06,1.4142093547000847,1.4142028586843165,1.4141994202374715,1.4141994202374715,7.130040001478518e-06,0.003766745739387927,5.753697743204274,4.016626870755671,4.823155443141937,4.00578689981273,0.0,4151.607813463707,1877.7482228568108
