var1_min,var2_min,var1_max,var2_max,var1_95th,var2_95th,obj1_min,obj2_min,obj1_max,obj2_max,obj1_95th,obj2_95th,cv1_min,cv1_max,cv1_95th
2.6270188657651835e-06,4.0259496469712606e-05,1.4142109946715526,1.414168884248135,1.414160735646763,1.4140716755415708,3.737189333405539e-06,0.0034162498951415504,5.776193742854125,4.0135042803164875,5.696606738356441,4.0108908438794275,0.0,4183.739864796238,3988.701219660923
