var1_min,var2_min,var3_min,var4_min,var1_max,var2_max,var3_max,var4_max,var1_95th,var2_95th,var3_95th,var4_95th,obj1_min,obj2_min,obj1_max,obj2_max,obj1_95th,obj2_95th,cv1_min,cv1_max,cv1_95th
55.00021225410481,75.00006373236008,1000.0060119344136,11.000001854318082,79.9999670213997,109.99965,2999.994481622853,19.999983275149447,79.99975387023332,109.99943884881338,2999.9904101266457,19.99983971650353,-0.592058166702517,1.2029212805693594,8.078390437158065,8.373181343925355,7.371473214558116,7.481726744727131,0.0,30029.772157090327,1873.7256535179658
