var1_min,var2_min,var3_min,var4_min,var5_min,var6_min,var7_min,var8_min,var9_min,var10_min,var11_min,var12_min,var13_min,var14_min,var15_min,var16_min,var17_min,var18_min,var19_min,var20_min,var1_max,var2_max,var3_max,var4_max,var5_max,var6_max,var7_max,var8_max,var9_max,var10_max,var11_max,var12_max,var13_max,var14_max,var15_max,var16_max,var17_max,var18_max,var19_max,var20_max,var1_95th,var2_95th,var3_95th,var4_95th,var5_95th,var6_95th,var7_95th,var8_95th,var9_95th,var10_95th,var11_95th,var12_95th,var13_95th,var14_95th,var15_95th,var16_95th,var17_95th,var18_95th,var19_95th,var20_95th,obj1_min,obj2_min,obj1_max,obj2_max,obj1_95th,obj2_95th,cv1_min,cv1_max,cv1_95th
3.5940033270597384e-07,3.656101997928021e-07,1.4837830636245697e-06,1.4238317064439717e-06,1.5619974046039342e-07,1.4798674231204068e-08,9.55049443214792e-07,8.936937985130118e-06,1.906696420999735e-06,4.578545182841234e-06,4.6734306479399386e-07,2.7146689598331486e-06,1.0549505438719644e-06,2.5227747264617797e-06,1.531969200600788e-06,1.8829626714363467e-06,1.255977211736781e-06,5.328567895785366e-07,4.197180055443988e-06,8.207401084817301e-07,1.0999996959832183,1.0999994000166458,1.0999981058292467,1.099999533269151,1.099998470677988,1.0999917007012285,1.0999991027528901,1.099995186732075,1.0999990648435902,1.0999994196954168,1.0999997778662223,1.0999994384984733,1.0999995333190264,1.0999982499044847,1.099997884382861,1.0999971409917932,1.0999974675395952,1.0999966053492336,1.099999326046571,1.099995582476741,1.0999840324569676,1.0999896294739926,1.099990989063064,1.0999847204781545,1.0999837468684697,1.0999776113770363,1.0999823398782058,1.0999841553115386,1.0999872917890827,1.0999962319855734,1.0999833995190424,1.0999874513636805,1.0999895785533218,1.0999965349594252,1.0999859753392187,1.099986728714131,1.09998703047764,1.0999818497180958,1.0999950876398061,1.0999866915368501,5.689694298328686e-06,0.0,39.25989793308229,43.00635812573056,39.228773629548044,41.25017286800959,0.0,2089.1831687225917,1929.0153995078936
