var1_min,var2_min,var3_min,var4_min,var5_min,var6_min,var7_min,var8_min,var9_min,var10_min,var11_min,var12_min,var13_min,var14_min,var15_min,var16_min,var17_min,var18_min,var19_min,var20_min,var1_max,var2_max,var3_max,var4_max,var5_max,var6_max,var7_max,var8_max,var9_max,var10_max,var11_max,var12_max,var13_max,var14_max,var15_max,var16_max,var17_max,var18_max,var19_max,var20_max,var1_95th,var2_95th,var3_95th,var4_95th,var5_95th,var6_95th,var7_95th,var8_95th,var9_95th,var10_95th,var11_95th,var12_95th,var13_95th,var14_95th,var15_95th,var16_95th,var17_95th,var18_95th,var19_95th,var20_95th,obj1_min,obj2_min,obj1_max,obj2_max,obj1_95th,obj2_95th,cv1_min,cv1_max,cv1_95th
8.214819808022995e-08,2.9585882519930776e-10,1.428023451563107e-08,1.4850923824201446e-08,3.446812126238486e-08,9.742700659374354e-08,4.506148141777966e-09,3.210400436864242e-08,2.0481193089266076e-07,1.1091062648536932e-07,2.039124477569432e-08,1.4144751621803648e-08,9.945794433724454e-08,1.2424465522208051e-08,3.8757725220189835e-09,2.554171691345267e-08,4.5190092432846614e-08,1.3931050020857262e-08,7.301680479791796e-08,4.003317914287597e-08,1.0999998960959814,1.0999999621689498,1.0999999966189864,1.0999999360472466,1.0999999972950734,1.099999997703481,1.099999966432295,1.0999999916502754,1.0999998210195923,1.0999999922015213,1.0999999594716448,1.0999998891685743,1.0999998545274063,1.0999999952993864,1.099999955380389,1.0999999972915542,1.0999999941816136,1.0999999444931388,1.0999999759468682,1.099999980409566,1.0999967747146275,1.0999977137021313,1.099997679175937,1.0999964649714937,1.0999977305762332,1.0999976029918554,1.0999976163649576,1.099997104659561,1.0999973538399173,1.0999970518516797,1.0999964376534352,1.0999971720597927,1.0999974879916523,1.09999688689674,1.0999972812567727,1.0999972580906034,1.0999972104659879,1.0999973049932998,1.0999973560557943,1.0999972199424173,1.0238094789538685e-06,0.0,40.50064873744957,47.21818300198172,30.445618023986885,35.44366493521698,0.0,2212.610659067009,1524.7442115552926
