scr,ncr_avg,ncr_r1,dist_x_avg,dist_x_r1,dist_f_avg,dist_f_r1,dist_c_avg,dist_c_r1,dist_f_c_avg,dist_f_c_r1,dist_f_dist_x_avg,dist_f_dist_x_r1,dist_c_dist_x_avg,dist_c_dist_x_r1,dist_f_c_dist_x_avg,dist_f_c_dist_x_r1,uhv_ss_avg,uhv_ss_r1,nuhv_avg,nuhv_r1,uhvd_avg,uhvd_r1,hv_ss_avg,hv_ss_r1,nhv_avg,nhv_r1,hvd_avg,hvd_r1,bhv_avg,bhv_r1,nrfbx,nncv_avg,nncv_r1,ncv_avg,ncv_r1,bncv_avg,bncv_r1,sup_avg,sup_r1,inf_avg,inf_r1,inc_avg,inc_r1,lnd_avg,lnd_r1,nfronts_avg,nfronts_r1,H_max,eps_s,m0,eps05
0.0,0.0,0.0,0.0139297254053908,0.0,0.006128191716564577,0.0,0.0,0.0,0.006128191716564577,0.0,0.44027371639769247,0.0,0.0,0.0,0.44027371639769247,0.0,0.1956144085077647,0.995438596491228,0.20262884302712872,0.9856140350877192,0.007014434519363992,0.0,0.1956144085077647,0.995438596491228,0.20262884302712872,0.9856140350877192,0.007014434519363992,0.0,0.20262884302712872,0.9856140350877192,0.0,0.0,0.0,0.0,0.0,0.0,0.0,0.3163636363636363,-0.19373080008407056,0.4409090909090909,0.0,0.33363636363636356,0.0,0.0909090909090909,0.0,0.38,-0.10663860010608964,0.0,,0.0,
0.0,0.0,0.0,0.013853119293911564,0.0,0.006288510212046859,0.12561403508771932,0.0,0.0,0.006288510212046859,0.12561403508771932,0.45436282401792843,0.09929824561403508,0.0,0.0,0.45436282401792843,0.09929824561403508,0.26722442567724924,0.9919298245614036,0.27519633201614707,0.9740350877192983,0.007971906338897747,-0.0943859649122807,0.26722442567724924,0.9919298245614036,0.27519633201614707,0.9740350877192983,0.007971906338897747,-0.0943859649122807,0.27519633201614707,0.9740350877192983,0.0,0.0,0.0,0.0,0.0,0.0,0.0,0.3118181818181818,0.0,0.4518181818181818,0.09485563430044931,0.32727272727272727,0.0,0.0909090909090909,0.0,0.38909090909090904,-0.10696016169806488,0.0,,0.0,
0.0,0.0,0.0,0.013886327320228866,0.0,0.006354879286149662,0.0,0.0,0.0,0.006354879286149662,0.0,0.45776370037292075,0.0,0.0,0.0,0.45776370037292075,0.0,0.2816820282601829,0.8421052631578947,0.28947224260948473,0.5126315789473684,0.007790214349301788,0.0,0.2816820282601829,0.8421052631578947,0.28947224260948473,0.5126315789473684,0.007790214349301788,0.0,0.2894722426094846,0.5126315789473684,0.0,0.0,0.0,0.0,0.0,0.0,0.0,0.30181818181818176,0.0,0.4427272727272727,-0.09761369742240855,0.3463636363636364,-0.09744292237442922,0.0909090909090909,0.0,0.37636363636363634,0.0,0.0,,0.0,
