var1_min,var2_min,var3_min,var4_min,var5_min,var1_max,var2_max,var3_max,var4_max,var5_max,var1_95th,var2_95th,var3_95th,var4_95th,var5_95th,obj1_min,obj2_min,obj1_max,obj2_max,obj1_95th,obj2_95th,cv1_min,cv1_max,cv1_95th
0.0015218652467251037,0.00010459567808831949,0.0023866362617489044,0.0006466375072529595,9.731331840448276e-05,0.9998989864382435,0.9959883171003363,0.9928267809237933,0.9945280262027293,0.9992176874983663,0.9998989864382435,0.9959883171003363,0.9928267809237933,0.9945280262027293,0.9992176874983663,0.0,0.5422304089371739,0.9998989864382435,4.156995503661111,0.9998989864382435,4.156995503661111,0.0,0.0,0.0
