var1_min,var2_min,var3_min,var4_min,var5_min,var1_max,var2_max,var3_max,var4_max,var5_max,var1_95th,var2_95th,var3_95th,var4_95th,var5_95th,obj1_min,obj2_min,obj1_max,obj2_max,obj1_95th,obj2_95th,cv1_min,cv1_max,cv1_95th
1e-05,0.013991904954637393,0.30933643624317514,0.0014149028938048019,1e-05,0.99999,0.99999,0.99999,0.9999940124211121,0.99999,0.99999,0.99999,0.99999,0.9996457023875944,0.9852846126761787,0.0,0.5422304089371739,0.99999,4.340340198650503,0.99999,3.811640841031388,0.0,0.0,0.0
