sup_avg,inf_avg,inc_avg,lnd_avg,uhv_ss_avg,nuhv_avg,uhvd_avg,hv_ss_avg,nhv_avg,hvd_avg,bhv_avg,length_avg
0.2824675324675325,0.45454545454545453,0.3538961038961039,0.09090909090909093,0.2868325844776365,0.29514338280173524,0.008310798324098739,0.2868325844776365,0.29514338280173524,0.008310798324098739,0.29514338280173524,6.5
0.3136363636363636,0.46818181818181814,0.3090909090909091,0.09090909090909091,0.11358881509016014,0.11809742151820407,0.004508606428043912,0.11358881509016014,0.11809742151820407,0.004508606428043912,0.11809742151820407,3.5
0.2954545454545454,0.41363636363636364,0.38181818181818183,0.09090909090909091,0.6877453340511894,0.6979232390377992,0.010177904986609726,0.6877453340511894,0.6979232390377992,0.010177904986609726,0.6979232390377992,5.5
