var1_min,var2_min,var3_min,var4_min,var5_min,var1_max,var2_max,var3_max,var4_max,var5_max,var1_95th,var2_95th,var3_95th,var4_95th,var5_95th,obj1_min,obj2_min,obj1_max,obj2_max,obj1_95th,obj2_95th,cv1_min,cv1_max,cv1_95th
1.9226363010191843e-06,8.935974296198725e-06,2.485753888637828e-06,5.00611502443768e-06,1.708931125198554e-06,1.41421198598627,1.4142105809667642,1.414210105932897,1.4142050559579258,1.4141931227257862,1.4141906649021694,1.4141912925921964,1.4141613949762275,1.4141941898862789,1.4141698016377708,8.938705082975246e-06,0.003124303517543936,14.39066274113857,13.063487366838055,12.9366294072685,11.913682717475147,0.0,188817.46627762282,123893.35829689469
