var1_min,var2_min,var3_min,var4_min,var5_min,var1_max,var2_max,var3_max,var4_max,var5_max,var1_95th,var2_95th,var3_95th,var4_95th,var5_95th,obj1_min,obj2_min,obj1_max,obj2_max,obj1_95th,obj2_95th,cv1_min,cv1_max,cv1_95th
2.833574976987003e-07,6.231401522745991e-08,1.0185929165668205e-06,4.251794748654816e-07,7.946744237935987e-07,1.4142120612311646,1.4142125146044136,1.4142134997738458,1.4142126617324993,1.4142128291583806,1.4141994202374715,1.4142011610132843,1.414199461759257,1.4142055182167033,1.4142047132883735,6.233798848385732e-07,0.0057438119533922095,13.466246099314557,12.260730589449778,9.479436962042772,9.320620558800359,0.0,141498.12192761042,34000.1321672708
