var1_min,var2_min,var3_min,var4_min,var5_min,var6_min,var7_min,var8_min,var9_min,var10_min,var11_min,var12_min,var13_min,var14_min,var15_min,var16_min,var17_min,var18_min,var19_min,var20_min,var1_max,var2_max,var3_max,var4_max,var5_max,var6_max,var7_max,var8_max,var9_max,var10_max,var11_max,var12_max,var13_max,var14_max,var15_max,var16_max,var17_max,var18_max,var19_max,var20_max,var1_95th,var2_95th,var3_95th,var4_95th,var5_95th,var6_95th,var7_95th,var8_95th,var9_95th,var10_95th,var11_95th,var12_95th,var13_95th,var14_95th,var15_95th,var16_95th,var17_95th,var18_95th,var19_95th,var20_95th,obj1_min,obj2_min,obj1_max,obj2_max,obj1_95th,obj2_95th,cv1_min,cv1_max,cv1_95th
4.5715799326141726e-07,-0.9999994794457098,-0.99999987487981,-0.9999999994051241,-0.9999996964446481,-0.9999994246498525,-0.9999997036687895,-0.9999997905267158,-0.999999487960823,-0.9999994267552836,-0.999999342672655,-0.9999997949845773,-0.9999998930898274,-0.9999997785005771,-0.9999991317361562,-0.9999991378209889,-0.9999998512628607,-0.9999995963142454,-0.9999999343870185,-0.9999992345973395,0.9999998563891461,0.9999981749505817,0.9999997551224729,0.999999026184109,0.9999999905821566,0.9999994402878731,0.9999996823242872,0.999998997903508,0.9999993371407137,0.9999988926732581,0.999998794059958,0.9999997318205591,0.9999994672679784,0.9999995464569738,0.9999994362540039,0.9999996825229522,0.9999993471276607,0.9999998853462762,0.9999996090547354,0.999999947482394,0.9999978868289506,0.9999910125663778,0.999995423455091,0.999994453045795,0.9999924381736305,0.9999956207460704,0.999995217256991,0.9999946374347267,0.999995630022787,0.9999955759837906,0.9999956717768735,0.9999946450020237,0.9999964246099365,0.9999975187705457,0.9999963819062079,0.999994178466173,0.9999970527438719,0.9999945629206645,0.9999931519985517,0.9999955749211902,0.0,0.0,5.946776439756247,4.92267962978104,5.272409091734969,4.414662103425831,0.0,0.06961486918007471,0.049097635640082696
