var1_min,var2_min,var3_min,var4_min,var5_min,var6_min,var7_min,var8_min,var9_min,var10_min,var11_min,var12_min,var13_min,var14_min,var15_min,var16_min,var17_min,var18_min,var19_min,var20_min,var21_min,var22_min,var23_min,var24_min,var25_min,var1_max,var2_max,var3_max,var4_max,var5_max,var6_max,var7_max,var8_max,var9_max,var10_max,var11_max,var12_max,var13_max,var14_max,var15_max,var16_max,var17_max,var18_max,var19_max,var20_max,var21_max,var22_max,var23_max,var24_max,var25_max,var1_95th,var2_95th,var3_95th,var4_95th,var5_95th,var6_95th,var7_95th,var8_95th,var9_95th,var10_95th,var11_95th,var12_95th,var13_95th,var14_95th,var15_95th,var16_95th,var17_95th,var18_95th,var19_95th,var20_95th,var21_95th,var22_95th,var23_95th,var24_95th,var25_95th,obj1_min,obj2_min,obj1_max,obj2_max,obj1_95th,obj2_95th,cv1_min,cv1_max,cv1_95th
0.0004853002393977002,0.00013648287498338037,0.000419866016842061,0.0011596884268775802,0.000561127654164515,0.0005386470494678181,0.00010404354844862871,0.00080418323691643,1.7299013833155058e-05,0.0005122384246834696,0.0012855193226877894,0.0010455880831923578,0.0002853027234975679,4.754450056253907e-05,0.0002151158641918374,0.00029623350192555393,0.00019433432877884112,0.0002892277512938078,0.0003613227205016584,0.0004928518226196716,0.0002927161487307895,0.00031930701271391684,0.0002896936263009025,0.0007918166051552393,0.00023797286239777177,89.9996596484013,89.99989107505473,89.9976439728055,89.99952852777055,89.99955320348228,89.99969411313289,89.99851732954106,89.99824043233635,89.99948450316136,89.9998933854775,89.99909013993559,89.99892791816613,89.99920995414628,89.99939139486993,89.9998066090644,89.99852519703619,89.99922528430473,89.9996348734046,89.99961743723122,89.99985164915257,89.99998835760664,89.99950804939365,89.99921434628146,89.99898234599341,89.99932323720766,89.99935812724425,89.999851590823,89.99761973390494,89.99935205426311,89.99935431465323,89.99793679574759,89.9984457925392,89.99742924399627,89.99895896647814,89.99914836449277,89.99897947397298,89.99824565780773,89.99916028428115,89.99905260900147,89.99974271035663,89.99832278594425,89.99909157956596,89.99794525942168,89.99959941091534,89.99929302753382,89.99967794342014,89.99920401913832,89.99829500988953,89.9989562534206,89.99915842565561,0.25829194581829684,1.9017357834122142e-09,13.151393300188172,57.21006668821061,12.884884316437224,44.507321191796066,0.0,202.8397321481054,201.3352705626116
