var1_min,var2_min,var3_min,var4_min,var5_min,var6_min,var7_min,var8_min,var9_min,var10_min,var11_min,var12_min,var13_min,var14_min,var15_min,var1_max,var2_max,var3_max,var4_max,var5_max,var6_max,var7_max,var8_max,var9_max,var10_max,var11_max,var12_max,var13_max,var14_max,var15_max,var1_95th,var2_95th,var3_95th,var4_95th,var5_95th,var6_95th,var7_95th,var8_95th,var9_95th,var10_95th,var11_95th,var12_95th,var13_95th,var14_95th,var15_95th,obj1_min,obj2_min,obj1_max,obj2_max,obj1_95th,obj2_95th,cv1_min,cv1_max,cv1_95th
3.921992750710197e-06,4.985547409420566e-06,3.949735507866592e-07,1.8006438323408869e-06,2.494576166137885e-06,3.977702246967437e-07,1.3054825635850772e-06,5.813952768000711e-07,2.204115427402531e-06,1.7167612503128667e-06,1.5710662175700828e-07,2.6318085749688896e-06,1.4204172321705677e-07,1.4537572102674737e-06,3.048872444457825e-06,0.9999959528549047,0.9999998726948603,0.9999978897141332,0.9999994108319328,0.9999976058200467,0.9999989826468805,0.9999971337980157,0.9999996990483738,0.9999973678046195,0.9999970226920494,0.999996895740348,0.9999994248684864,0.9999993907251591,0.9999957444913751,0.9999989028512004,0.999990932953971,0.9999936513986334,0.9999940032777198,0.9999980376972784,0.9999883791659802,0.9999914954107447,0.9999922278386554,0.9999969470666805,0.9999936337186256,0.9999852254279261,0.9999847213142659,0.9999858931893065,0.9999907439555396,0.9999908919302557,0.9999968539219029,0.0,0.5422304089371739,0.9999959528549047,12.181154920548787,0.999990932953971,12.040005296593087,0.0,0.0,0.0
