var1_min,var2_min,var3_min,var4_min,var5_min,var6_min,var7_min,var8_min,var9_min,var10_min,var11_min,var12_min,var13_min,var14_min,var15_min,var1_max,var2_max,var3_max,var4_max,var5_max,var6_max,var7_max,var8_max,var9_max,var10_max,var11_max,var12_max,var13_max,var14_max,var15_max,var1_95th,var2_95th,var3_95th,var4_95th,var5_95th,var6_95th,var7_95th,var8_95th,var9_95th,var10_95th,var11_95th,var12_95th,var13_95th,var14_95th,var15_95th,obj1_min,obj2_min,obj1_max,obj2_max,obj1_95th,obj2_95th,cv1_min,cv1_max,cv1_95th
8.976987929051883e-09,5.069359162827858e-08,4.092740898721525e-07,6.823453535705071e-08,1.485774146076091e-09,6.113223659318795e-08,3.961723323182842e-08,1.8616114191892866e-07,1.18014902546551e-08,2.078016855117104e-07,1.645524103782714e-08,3.6155125386627684e-09,9.973102663152211e-09,1.650187492902022e-08,4.538631962099082e-08,0.9999999239328533,0.9999998592847834,0.9999999479077838,0.999999985636796,0.9999999420041696,0.9999999655171526,0.999999933695126,0.9999999396627179,0.9999998228933399,0.9999999300799584,0.9999999756004021,0.9999999826553471,0.9999999692310784,0.9999997942352895,0.9999999787452793,0.9999970910488507,0.9999961732879215,0.9999968367257437,0.9999971294754899,0.9999966197442528,0.9999965399452658,0.9999968513402381,0.9999969778918035,0.9999962558023455,0.9999964085013329,0.999996582157839,0.9999968833391718,0.9999960037581722,0.9999956910804177,0.9999963041353486,0.0,0.5422304089371739,0.9999999239328533,12.180377175231932,0.9999970910488507,10.465816298557566,0.0,0.0,0.0
