var1_min,var2_min,var3_min,var4_min,var5_min,var6_min,var7_min,var8_min,var9_min,var10_min,var11_min,var12_min,var13_min,var14_min,var15_min,var16_min,var17_min,var18_min,var19_min,var20_min,var1_max,var2_max,var3_max,var4_max,var5_max,var6_max,var7_max,var8_max,var9_max,var10_max,var11_max,var12_max,var13_max,var14_max,var15_max,var16_max,var17_max,var18_max,var19_max,var20_max,var1_95th,var2_95th,var3_95th,var4_95th,var5_95th,var6_95th,var7_95th,var8_95th,var9_95th,var10_95th,var11_95th,var12_95th,var13_95th,var14_95th,var15_95th,var16_95th,var17_95th,var18_95th,var19_95th,var20_95th,obj1_min,obj2_min,obj1_max,obj2_max,obj1_95th,obj2_95th,cv1_min,cv1_max,cv1_95th
1.9231399441729736e-05,-1.9999974514124368,-1.999993625228916,-1.9999842406552901,-1.9999417216251907,-1.9999849063046524,-1.9999989281214512,-1.9999060890773017,-1.9999892416643281,-1.9999874950783847,-1.9999924920255874,-1.9999111872555693,-1.9999976459756883,-1.9999932186843707,-1.9999106204168131,-1.9999383879473243,-1.9999882916794165,-1.999960552733404,-1.999981812490308,-1.9999758780126562,0.9999954672284154,1.9999963650928878,1.9999354377496457,1.9999997173236141,1.9999886559366309,1.9999967573074748,1.9999738978954538,1.9999712408873074,1.999966733206929,1.9999304212862032,1.999953646405035,1.9999981883502076,1.999978961554708,1.9999749922149004,1.9999983022297307,1.999997546608526,1.99999852330112,1.9999933264988528,1.9999595779929815,1.9998921510977756,0.9999932202516078,1.9999902404468295,1.999915573572733,1.9999215561790393,1.9999506329896273,1.9999818781744574,1.9999481668625925,1.999932807543849,1.9999314362172413,1.9999209812054002,1.9999532799097772,1.9998857042139446,1.99997209497026,1.9999568354195931,1.999989881552357,1.999989958315823,1.9999016955854905,1.9999702814667413,1.999941682691331,1.9998564298053876,0.0,0.0,37.86225498321859,39.82914758281333,37.590305860984635,38.720186002068715,0.0,3.7530077735990894,3.731494555134218
