var1_min,var2_min,var3_min,var4_min,var1_max,var2_max,var3_max,var4_max,var1_95th,var2_95th,var3_95th,var4_95th,obj1_min,obj2_min,obj1_max,obj2_max,obj1_95th,obj2_95th,cv1_min,cv1_max,cv1_95th
1.000016980328385,1.414216449970588,1.4142183291951236,1.0000004120706851,2.999997361711976,2.9999841421356237,2.999995624516181,2.999996283366544,2.9999803096186657,2.999974575258823,2.9999923962544477,2.999964381445228,1513.1899392404275,0.008908991531613205,3402.8922488136695,0.045647191212016096,3316.1526134545943,0.03741208785747862,0.0,0.0,0.0
