var1_min,var2_min,var3_min,var4_min,var5_min,var6_min,var7_min,var8_min,var9_min,var10_min,var1_max,var2_max,var3_max,var4_max,var5_max,var6_max,var7_max,var8_max,var9_max,var10_max,var1_95th,var2_95th,var3_95th,var4_95th,var5_95th,var6_95th,var7_95th,var8_95th,var9_95th,var10_95th,obj1_min,obj2_min,obj1_max,obj2_max,obj1_95th,obj2_95th,cv1_min,cv1_max,cv1_95th
1.9425278350911764e-07,1.9783001620893305e-08,4.3017973825089376e-07,1.462096751244854e-07,4.965085913881916e-08,4.290189999662381e-08,1.557251956069844e-07,2.6561093636342204e-07,2.4786785529449383e-07,1.1320926079048943e-08,1.099999772960956,1.0999998701020826,1.0999998791247956,1.0999998293509181,1.0999996646797106,1.0999997632934895,1.0999999138983492,1.0999999598728714,1.0999999827547917,1.0999999799639508,1.099994424608383,1.0999928783939237,1.0999942460264445,1.0999957297579686,1.0999953690422513,1.0999943678926645,1.0999947626298172,1.0999950246742216,1.0999949185817532,1.0999935463375383,1.1668810796022852e-06,0.0,23.95909731644863,24.15543270081664,17.452976909470728,20.373989580455003,0.0,640.3166589124346,490.2761003982528
