var1_min,var2_min,var3_min,var4_min,var5_min,var6_min,var7_min,var8_min,var9_min,var10_min,var1_max,var2_max,var3_max,var4_max,var5_max,var6_max,var7_max,var8_max,var9_max,var10_max,var1_95th,var2_95th,var3_95th,var4_95th,var5_95th,var6_95th,var7_95th,var8_95th,var9_95th,var10_95th,obj1_min,obj2_min,obj1_max,obj2_max,obj1_95th,obj2_95th,cv1_min,cv1_max,cv1_95th
1.1863033957682437e-05,4.317818758735626e-07,3.981057895525656e-06,2.3454757591426824e-06,6.862591507802996e-07,4.963247897878027e-06,1.2638007846638356e-06,6.227740893684955e-06,1.8493621620737234e-06,1.4691640754529446e-07,1.0999976222548293,1.099998046845458,1.099997256925832,1.0999906989664756,1.0999950499546516,1.099994896734006,1.0999933541785734,1.0999975555971466,1.0999990387207925,1.0999954320345868,1.09998846224766,1.0999936033291007,1.0999845941228457,1.0999824441750694,1.0999922414912104,1.0999836259076456,1.0999860858280404,1.0999914946717437,1.09999280856068,1.0999853776959105,0.000154391264703777,0.0,24.01522931351492,25.37070024530509,22.659722969224685,24.550025849205483,0.0,661.9860178443988,631.5761821661703
