var1_min,var2_min,var3_min,var4_min,var5_min,var6_min,var7_min,var8_min,var9_min,var10_min,var11_min,var12_min,var13_min,var14_min,var15_min,var1_max,var2_max,var3_max,var4_max,var5_max,var6_max,var7_max,var8_max,var9_max,var10_max,var11_max,var12_max,var13_max,var14_max,var15_max,var1_95th,var2_95th,var3_95th,var4_95th,var5_95th,var6_95th,var7_95th,var8_95th,var9_95th,var10_95th,var11_95th,var12_95th,var13_95th,var14_95th,var15_95th,obj1_min,obj2_min,obj1_max,obj2_max,obj1_95th,obj2_95th,cv1_min,cv1_max,cv1_95th
5.84081130083994e-06,2.015847035033206e-06,1.4302542722702347e-06,5.814664837874921e-06,2.1725642273983622e-06,1.3172703948835886e-05,4.371054498750225e-06,8.3455633817308e-06,5.623053651018475e-07,9.228871887801008e-07,1.1748485146318474e-05,1.6956626760189348e-06,4.015513841796834e-06,1.6774558482113536e-07,8.858934649157312e-08,0.9999991272066261,0.9999959404545252,0.9999958942053324,0.9999990451097381,0.9999999265476686,0.999998892310837,0.9999934727764804,0.9999998269602258,0.9999998331933164,0.9999986233755788,0.9999999762744128,0.9999999164549688,0.9999945344330693,0.9999988772321318,0.9999991178109546,0.9999963105620622,0.9999879207126874,0.9999932583655486,0.9999946668368468,0.9999953337941461,0.9999867825274842,0.9999877876981179,0.999992173485855,0.9999889774916341,0.9999895304322761,0.9999823907767392,0.9999912439184602,0.9999736531533235,0.9999888841416381,0.9999941102477123,0.0,0.0,1.0,15.679514091918604,1.0,15.086416478753781,0.0,14.59612679000519,14.274712062791082
