var1_min,var2_min,var3_min,var4_min,var5_min,var6_min,var7_min,var8_min,var9_min,var10_min,var11_min,var12_min,var13_min,var14_min,var15_min,var1_max,var2_max,var3_max,var4_max,var5_max,var6_max,var7_max,var8_max,var9_max,var10_max,var11_max,var12_max,var13_max,var14_max,var15_max,var1_95th,var2_95th,var3_95th,var4_95th,var5_95th,var6_95th,var7_95th,var8_95th,var9_95th,var10_95th,var11_95th,var12_95th,var13_95th,var14_95th,var15_95th,obj1_min,obj2_min,obj1_max,obj2_max,obj1_95th,obj2_95th,cv1_min,cv1_max,cv1_95th
2.039899377314497e-07,1.7477113401463684e-08,3.242425834857482e-08,9.936899479385392e-08,1.1527107799530478e-08,9.04051257271353e-08,1.2763006816511602e-07,2.591269117162287e-08,1.71824111298716e-07,1.093978659917616e-08,1.5130849570672844e-08,2.2485114334683254e-08,6.868643284349552e-08,4.300125370192143e-08,9.897168906300435e-08,0.9999999319196883,0.9999996090986779,0.9999998955332288,0.9999998652087361,0.9999999988719418,0.9999999614782761,0.9999999692651106,0.9999999190937385,0.9999999111185968,0.9999997173295023,0.9999999404006013,0.999999948650895,0.9999998678329923,0.9999998635472936,0.9999998439880193,0.9999967998925788,0.9999955472209784,0.9999964317693117,0.9999964147898247,0.99999645342233,0.9999971333480143,0.9999967090581455,0.9999975520543561,0.9999965289519718,0.9999962552308723,0.9999970589111384,0.9999968443391917,0.9999972578965722,0.9999962724288556,0.9999968823541246,0.0,0.0,1.0,15.919761932870532,1.0,12.537659414837675,0.0,14.91108599048396,11.8698397271575
