var1_min,var2_min,var3_min,var4_min,var5_min,var6_min,var7_min,var8_min,var9_min,var10_min,var1_max,var2_max,var3_max,var4_max,var5_max,var6_max,var7_max,var8_max,var9_max,var10_max,var1_95th,var2_95th,var3_95th,var4_95th,var5_95th,var6_95th,var7_95th,var8_95th,var9_95th,var10_95th,obj1_min,obj2_min,obj1_max,obj2_max,obj1_95th,obj2_95th,cv1_min,cv1_max,cv1_95th
2.6841958362540156e-06,2.71056897367334e-06,1.9178977222399207e-06,1.475425449535972e-07,4.052812476945192e-06,2.1755031959406426e-07,9.968306252290171e-07,1.5045002975687685e-06,1.7242527191129176e-06,6.476575399458414e-06,1.0999990126381993,1.0999947994710568,1.099998702187138,1.0999986985433055,1.099992363250187,1.0999992355497288,1.0999994805088682,1.0999946095873405,1.0999994868766512,1.0999988343807858,1.099995739295954,1.0999761485744601,1.0999837470527782,1.0999777320744089,1.0999853507357387,1.099993259100874,1.0999929420434629,1.0999881238292453,1.0999843616031484,1.0999866084255225,1.6664374890513356e-05,0.0,23.854162453169902,25.70251976369392,23.3381167605456,24.872832511854362,0.0,684.986366810481,660.7877864540014
