var1_min,var2_min,var3_min,var4_min,var5_min,var6_min,var7_min,var8_min,var9_min,var10_min,var1_max,var2_max,var3_max,var4_max,var5_max,var6_max,var7_max,var8_max,var9_max,var10_max,var1_95th,var2_95th,var3_95th,var4_95th,var5_95th,var6_95th,var7_95th,var8_95th,var9_95th,var10_95th,obj1_min,obj2_min,obj1_max,obj2_max,obj1_95th,obj2_95th,cv1_min,cv1_max,cv1_95th
2.2699581506942583e-07,3.770213296578479e-08,1.9418169314514014e-08,3.86224474812659e-07,1.036105760085851e-07,4.5079022826365754e-07,7.896931696876192e-08,1.3328252081255126e-07,3.753688085656598e-08,2.2611871599714785e-07,1.0999999147910047,1.0999996527223381,1.0999999915595131,1.0999998380441391,1.099999917680941,1.099999986467226,1.0999998502799289,1.09999994105752,1.0999996921425568,1.0999998651841585,1.0999949550874437,1.0999939922280992,1.0999946319595524,1.099995351017354,1.0999940247338833,1.0999947446132057,1.0999935256985467,1.099993985122331,1.0999950724203544,1.0999941291237005,1.812457749383056e-06,0.0,21.31228745294181,24.133777670529472,17.2451039179761,20.05961590540757,0.0,629.7156241210097,481.8378371435754
