var1_min,var2_min,var3_min,var4_min,var5_min,var1_max,var2_max,var3_max,var4_max,var5_max,var1_95th,var2_95th,var3_95th,var4_95th,var5_95th,obj1_min,obj2_min,obj1_max,obj2_max,obj1_95th,obj2_95th,cv1_min,cv1_max,cv1_95th
3.005460121842038e-07,6.609399409544803e-08,1.080380937859473e-06,4.509709348480759e-07,8.428795108499489e-07,1.499998407798542,1.49999888867349,1.4999999336034695,1.499999044726391,1.4999992223083551,1.4999850000000001,1.4999868463715726,1.4999850440405045,1.4999914678836996,1.4999906141282793,0.0,0.00070354,16.40787332474536,45.36754353039777,13.898901683948225,36.17656452822767,0.0,188590032.89398938,9979901.074677283
