var1_min,var2_min,var3_min,var4_min,var5_min,var6_min,var7_min,var8_min,var9_min,var10_min,var11_min,var12_min,var13_min,var14_min,var15_min,var1_max,var2_max,var3_max,var4_max,var5_max,var6_max,var7_max,var8_max,var9_max,var10_max,var11_max,var12_max,var13_max,var14_max,var15_max,var1_95th,var2_95th,var3_95th,var4_95th,var5_95th,var6_95th,var7_95th,var8_95th,var9_95th,var10_95th,var11_95th,var12_95th,var13_95th,var14_95th,var15_95th,obj1_min,obj2_min,obj1_max,obj2_max,obj1_95th,obj2_95th,cv1_min,cv1_max,cv1_95th
6.241936066544301e-08,1.615304928426209e-07,6.59893047653265e-08,5.631863636383627e-08,1.2001266416414302e-08,5.106815019299826e-08,4.4389422259455413e-10,5.565199005319946e-08,5.464904280841343e-09,6.926252043605585e-08,6.572083421224617e-08,5.629703570160516e-08,8.372583061144051e-08,6.057909171450215e-07,1.143562427400116e-07,0.9999999336725824,0.9999999433317062,0.9999999168354803,0.9999999662487675,0.9999999863257933,0.9999999139622735,0.9999999577088254,0.9999999738151762,0.999999957411748,0.9999999853137317,0.9999998352410948,0.9999999988172317,0.9999999756585554,0.9999999459882898,0.9999999746022399,0.9999965618343594,0.9999965829081591,0.9999962169456519,0.9999962905502462,0.9999966800027829,0.9999968828818953,0.9999969146574063,0.9999963217141306,0.999996718215274,0.999995673327674,0.9999961336658061,0.9999972101384379,0.9999969330032319,0.9999958810273403,0.9999961629077109,0.0,0.15000000000000002,1.0,14.825711367050495,1.0,14.786424426364585,0.0,13.970595417199007,13.96022040631197
