var1_min,var2_min,var3_min,var4_min,var5_min,var6_min,var7_min,var8_min,var9_min,var10_min,var11_min,var12_min,var13_min,var14_min,var15_min,var1_max,var2_max,var3_max,var4_max,var5_max,var6_max,var7_max,var8_max,var9_max,var10_max,var11_max,var12_max,var13_max,var14_max,var15_max,var1_95th,var2_95th,var3_95th,var4_95th,var5_95th,var6_95th,var7_95th,var8_95th,var9_95th,var10_95th,var11_95th,var12_95th,var13_95th,var14_95th,var15_95th,obj1_min,obj2_min,obj1_max,obj2_max,obj1_95th,obj2_95th,cv1_min,cv1_max,cv1_95th
5.752900002958679e-06,3.4448804601358684e-06,3.690199984538456e-06,5.504494532813912e-06,2.9152143911790327e-07,6.286923047805685e-07,5.399314365238291e-07,1.6348117644695126e-06,9.840925088792455e-08,7.993930535388423e-06,2.3271788377602207e-06,1.423858958492108e-06,6.745486214020898e-07,2.038166922500421e-06,1.8711814246112752e-06,0.999995102159375,0.999999799164322,0.9999962523247758,0.9999960819479337,0.9999959985197986,0.9999982751827765,0.9999990869059527,0.9999953758136031,0.9999976849344805,0.9999969617531091,0.9999996943917325,0.9999991151582562,0.999999055700487,0.9999997474205471,0.9999971200772794,0.9999883511899128,0.9999881616302806,0.9999859170088454,0.999994681415436,0.9999951398270577,0.9999940619351819,0.9999974782932327,0.9999929007751145,0.9999934370841619,0.999992104670435,0.9999913302595312,0.9999972396116283,0.9999890169294264,0.9999916306694502,0.9999949460967471,0.0,0.15000000000000002,1.0,14.824031567115956,1.0,14.823364231082317,0.0,13.97062333559068,13.9703620899954
