var1_min,var2_min,var1_max,var2_max,var1_95th,var2_95th,obj1_min,obj2_min,obj1_max,obj2_max,obj1_95th,obj2_95th,cv1_min,cv1_max,cv1_95th
0.00012197248843193176,0.0001906205470857522,0.9999844943148148,0.9998456618014557,0.9499795297094453,0.9499840703165444,1.6354553466722542e-08,0.0,4.000078956300486,4.012394303415903,2.6053792799476136,3.812720804502554,0,7631.809228462052,1406.4215785573617
