var1_min,var2_min,var1_max,var2_max,var1_95th,var2_95th,obj1_min,obj2_min,obj1_max,obj2_max,obj1_95th,obj2_95th,cv1_min,cv1_max,cv1_95th
2.0352491199911865e-06,1.4537451051644182e-06,0.9999992280912992,0.9999970977362471,0.9499803326363468,0.9503685373736801,1.3889843497018226e-11,0.0,4.010537710705235,4.012519700598582,2.647237483323745,3.8205927501935015,0,7708.89285650039,1497.1535137376763
