var1_min,var2_min,var3_min,var4_min,var5_min,var1_max,var2_max,var3_max,var4_max,var5_max,var1_95th,var2_95th,var3_95th,var4_95th,var5_95th,obj1_min,obj2_min,obj1_max,obj2_max,obj1_95th,obj2_95th,cv1_min,cv1_max,cv1_95th
3.8026520396807276e-07,1.2100338367673422e-06,6.26326485579122e-07,1.1638352635052682e-06,3.047670366074229e-08,0.9999993643173808,0.9999993463836085,0.9999992978133068,0.9999986926241712,0.9999995142397664,0.9503402841403422,0.9494676215917632,0.9499855436723899,0.9494432217993862,0.949567791116158,1.6808248691421335e-32,0.0,11.222060576030474,13.01863029074096,3.9158289231132404,8.55010210339596,0,504122.8063625343,7809.111706505621
