var1_min,var2_min,var3_min,var4_min,var5_min,var1_max,var2_max,var3_max,var4_max,var5_max,var1_95th,var2_95th,var3_95th,var4_95th,var5_95th,obj1_min,obj2_min,obj1_max,obj2_max,obj1_95th,obj2_95th,cv1_min,cv1_max,cv1_95th
1.6166779184863645e-05,9.910129775259924e-05,2.222953243347936e-05,1.256288216504664e-05,0.00012872859967518103,0.9999779533975953,0.9999977648835681,0.9999968044489196,0.9998518334169259,0.9999545415189789,0.9499893729204963,0.949987180352606,0.9499986797422988,0.9499994150909556,0.9499711374015437,5.933155552444001e-24,0.0,10.155068254528636,12.71189270932176,4.006882700909826,8.353148411832503,0,339219.3589466586,8626.971777303008
