var1_min,var2_min,var3_min,var4_min,var5_min,var6_min,var7_min,var8_min,var9_min,var10_min,var1_max,var2_max,var3_max,var4_max,var5_max,var6_max,var7_max,var8_max,var9_max,var10_max,var1_95th,var2_95th,var3_95th,var4_95th,var5_95th,var6_95th,var7_95th,var8_95th,var9_95th,var10_95th,obj1_min,obj2_min,obj1_max,obj2_max,obj1_95th,obj2_95th,cv1_min,cv1_max,cv1_95th
2.9131976120632455e-06,7.543893660623505e-05,1.505066564228328e-05,4.497107581636801e-05,4.023057588993728e-06,2.0867011694628734e-05,3.5002209831246726e-05,2.8061589044307883e-05,0.00010503870162605999,2.934227496015841e-05,1.4141894742045076,1.414200190367452,1.414199521034287,1.414189677224699,1.4141263916170443,1.4142067964365757,1.4142041011882067,1.4141940617757387,1.4142125013794296,1.4142079092239204,1.3435011050111512,1.3434854226651498,1.3434858902594884,1.34348656361789,1.3434822358149812,1.3434900082931922,1.3434557390712503,1.3434875305613874,1.3434996108799775,1.3434913292124586,9.117384338453925e-06,0.028966159447180374,19.398968471781846,19.060669819190945,8.133558057234229,9.705431983738338,0,621280.2366367681,19992.412417433417
