var1_min,var2_min,var3_min,var4_min,var5_min,var1_max,var2_max,var3_max,var4_max,var5_max,var1_95th,var2_95th,var3_95th,var4_95th,var5_95th,obj1_min,obj2_min,obj1_max,obj2_max,obj1_95th,obj2_95th,cv1_min,cv1_max,cv1_95th
1.5696118566627233e-05,3.37777140119377e-05,2.8415064079145244e-05,4.6212189757617176e-05,1.0133747604177698e-05,1.4141820740330404,1.414194629763889,1.4142037304471566,1.4141347651193177,1.4140857676656287,1.3434562856916346,1.3434852558956816,1.3434921095542487,1.3434294119017594,1.3434356837097097,5.0978566138474715e-05,0.03690897639924632,14.395459843185023,12.635239770614909,4.715915519155707,5.732139340221605,0,187004.40800438175,2133.0354808571337
