var1_min,var2_min,var3_min,var4_min,var5_min,var1_max,var2_max,var3_max,var4_max,var5_max,var1_95th,var2_95th,var3_95th,var4_95th,var5_95th,obj1_min,obj2_min,obj1_max,obj2_max,obj1_95th,obj2_95th,cv1_min,cv1_max,cv1_95th
5.354972682451026e-07,8.195826074692061e-07,1.9255104906183707e-07,8.546597259767585e-09,3.6109683214727295e-07,1.4142125644934027,1.41421345872704,1.4142119626636516,1.4142125687070501,1.4142130160045905,1.343800007403605,1.3426910360687663,1.341985295281044,1.3428214405258527,1.3425592331347773,1.9200022551971012e-06,0.004736520362384166,11.513875880057874,13.45408078406538,4.993137974901744,5.893872867625183,0,74582.11275724671,2641.673262619263
