var1_min,var2_min,var3_min,var4_min,var5_min,var6_min,var7_min,var8_min,var9_min,var10_min,var1_max,var2_max,var3_max,var4_max,var5_max,var6_max,var7_max,var8_max,var9_max,var10_max,var1_95th,var2_95th,var3_95th,var4_95th,var5_95th,var6_95th,var7_95th,var8_95th,var9_95th,var10_95th,obj1_min,obj2_min,obj1_max,obj2_max,obj1_95th,obj2_95th,cv1_min,cv1_max,cv1_95th
2.635314959309465e-09,5.06252959588116e-08,1.4014047423731302e-07,5.710522935891554e-07,3.502644886285711e-08,2.9885405704657697e-07,4.4415340270248516e-07,3.691469389714708e-08,2.911939606733971e-07,1.9068765924308909e-07,1.4142130169392497,1.4142135495720383,1.414213473341303,1.414213291101652,1.414213073438589,1.4142135356600671,1.4142129108652495,1.4142129683941487,1.414213474691316,1.4142135144214865,1.3428074417619238,1.3428050369550604,1.3417247832062527,1.3426019140169603,1.3432333202448197,1.3431495184744193,1.3430595131036023,1.3428021817227327,1.3429469834759293,1.3425967215608832,1.8299213566675675e-08,0.0075485941031082126,23.216408013123605,22.917240675027337,9.504438244649869,10.837205280274876,0,1266904.0965436918,37000.773596750034
