var1_min,var2_min,var1_max,var2_max,var1_95th,var2_95th,obj1_min,obj2_min,obj1_max,obj2_max,obj1_95th,obj2_95th,cv1_min,cv1_max,cv1_95th
0.00015666583328355504,0.00012327140725893019,1.4141716914066493,1.4141856221886635,1.3433300636536125,1.3433793830827438,0.0001633488146512916,0.011186248472315788,5.482430784047885,3.9835118784889647,2.4363794171899826,3.0769717151204397,0,3445.98996833999,78.3721565680711
