var1_min,var2_min,var1_max,var2_max,var1_95th,var2_95th,obj1_min,obj2_min,obj1_max,obj2_max,obj1_95th,obj2_95th,cv1_min,cv1_max,cv1_95th
4.03259549881102e-07,6.099195623453929e-06,1.4142128366248992,1.4142036534933307,1.3414451515986912,1.3427813532217663,8.049054697267418e-07,0.0022320963800320855,5.800384813824007,4.014839997567745,2.125609356694798,2.809618859809597,0,4249.573139626059,59.493528187948364
