var1_min,var2_min,var3_min,var4_min,var5_min,var1_max,var2_max,var3_max,var4_max,var5_max,var1_95th,var2_95th,var3_95th,var4_95th,var5_95th,obj1_min,obj2_min,obj1_max,obj2_max,obj1_95th,obj2_95th,cv1_min,cv1_max,cv1_95th
1.722832607664837e-05,3.797546372556482e-05,1.5972481570233566e-05,0.00011969156833550987,0.00018374933423162475,0.9999811033447514,0.9999354983785206,0.999989281659456,0.9999921176797019,0.9999939819792183,0.9500007596802935,0.9499210243565597,0.9500005869463379,0.9499840108333785,0.9499799402165462,0.0,0.003922929021262148,4.957276280779458,4.207752022076841,4.149863931964189,3.294216254149046,0,12.251435780284917,10.024159025096228
