var1_min,var2_min,var3_min,var4_min,var5_min,var6_min,var7_min,var8_min,var9_min,var10_min,var1_max,var2_max,var3_max,var4_max,var5_max,var6_max,var7_max,var8_max,var9_max,var10_max,var1_95th,var2_95th,var3_95th,var4_95th,var5_95th,var6_95th,var7_95th,var8_95th,var9_95th,var10_95th,obj1_min,obj2_min,obj1_max,obj2_max,obj1_95th,obj2_95th,cv1_min,cv1_max,cv1_95th
5.023301003897307e-06,9.283397008769123e-07,5.7180768050704155e-06,1.9131408498724468e-05,9.331126414098777e-06,2.2415060812813746e-06,3.455224628552539e-05,4.996791526079308e-05,7.992871349240538e-07,3.930741729225084e-06,0.9999950716108766,0.9999959338523008,0.9999874028683272,0.999987951599727,0.9999792331547435,0.9999795297410353,0.9999856307826134,0.9999953534122832,0.9999890732501497,0.9999818206615733,0.9499952437409085,0.9499752759230399,0.9499914369541894,0.9499941464295407,0.9499550292817049,0.9499821191978894,0.9499847849824689,0.9499874197872712,0.949999919341829,0.9499980996319954,0.0,0.003922929021262148,9.884438143240947,8.398816998682278,8.749470004153293,7.0589204029439605,0,72.55495080009023,61.01883590325294
