var1_min,var2_min,var3_min,var4_min,var5_min,var1_max,var2_max,var3_max,var4_max,var5_max,var1_95th,var2_95th,var3_95th,var4_95th,var5_95th,obj1_min,obj2_min,obj1_max,obj2_max,obj1_95th,obj2_95th,cv1_min,cv1_max,cv1_95th
3.556656074620024e-07,5.598643187383449e-07,7.903025934204513e-07,1.899321274839716e-07,2.1241032132322812e-07,0.9999988895164285,0.9999996225607235,0.9999999598971434,0.9999991110398618,0.9999993415177291,0.9494579597279468,0.9495527026547584,0.9494657325040734,0.9485416964357385,0.9493276123368076,0.0,0.003922929021262148,4.958343462395417,4.216430215789259,4.003668726058434,3.206952073723647,0,12.26339474692775,9.567695452978965
