var1_min,var2_min,var3_min,var4_min,var5_min,var6_min,var7_min,var8_min,var9_min,var10_min,var1_max,var2_max,var3_max,var4_max,var5_max,var6_max,var7_max,var8_max,var9_max,var10_max,var1_95th,var2_95th,var3_95th,var4_95th,var5_95th,var6_95th,var7_95th,var8_95th,var9_95th,var10_95th,obj1_min,obj2_min,obj1_max,obj2_max,obj1_95th,obj2_95th,cv1_min,cv1_max,cv1_95th
2.48647370141436e-09,1.5538546294276145e-08,1.2229505167837135e-07,1.3388901195197922e-08,1.436493881469634e-07,2.9975146394710384e-07,1.8341857692741326e-07,2.2247984108854715e-07,2.4771832453623216e-07,6.338755193747644e-07,0.9999995694640581,0.999999995350181,0.9999997742198843,0.999999692138056,0.9999998756534781,0.9999998917473158,0.9999999864923871,0.9999998511714164,0.9999998206015159,0.9999999792214974,0.9497163424689394,0.9499646790889366,0.9491863659768995,0.9490983675986103,0.9495925004639139,0.9493383725455468,0.9499438245143474,0.9496140551369632,0.9493684302569669,0.9491861925634522,0.0,0.003922929021262148,9.894975289702254,8.410490430076663,8.586333796891966,6.773033596953807,0,72.65782494229016,61.07370906434971
