var1_min,var2_min,var1_max,var2_max,var1_95th,var2_95th,obj1_min,obj2_min,obj1_max,obj2_max,obj1_95th,obj2_95th,cv1_min,cv1_max,cv1_95th
5.80744563557678e-05,4.0747593370298874e-05,0.9999571038505108,0.9998972956307164,0.9499821151248983,0.9499577266289272,0.0,0.003922929021262148,1.4646757398362849,1.244891322201202,1.3914754462405516,1.1296793501799298,0,0.043387977930049795,0.04304542950923136
