var1_min,var2_min,var1_max,var2_max,var1_95th,var2_95th,obj1_min,obj2_min,obj1_max,obj2_max,obj1_95th,obj2_95th,cv1_min,cv1_max,cv1_95th
3.7046974847576575e-07,2.0377958160839107e-06,0.9999953617619322,0.9999991148700735,0.9501740143286411,0.9496790768889104,0.0,0.003922929021262148,1.464731777674808,1.2450269152277418,1.3917565284061102,1.1319529670539918,0,0.043387978243964634,0.0430571803430236
