var1_min,var2_min,var1_max,var2_max,var1_95th,var2_95th,obj1_min,obj2_min,obj1_max,obj2_max,obj1_95th,obj2_95th,cv1_min,cv1_max,cv1_95th
0.00031993249764796796,2.03409555306254e-05,1.4995027366181968,1.4999684964308873,1.4246326012221089,1.4249157726963597,0.0,0.00070354,5.9998393285064635,15.822733678098388,4.122261633065365,11.685158348818572,0,639.5884674482405,175.97624502796927
