var1_min,var2_min,var3_min,var4_min,var5_min,var1_max,var2_max,var3_max,var4_max,var5_max,var1_95th,var2_95th,var3_95th,var4_95th,var5_95th,obj1_min,obj2_min,obj1_max,obj2_max,obj1_95th,obj2_95th,cv1_min,cv1_max,cv1_95th
4.445842209759021e-07,2.0657687962912646e-07,2.310289759673012e-07,6.112527133443624e-07,1.293954771939762e-06,1.4999995490301217,1.4999995584572237,1.499997131419511,1.4999984322769224,1.499999538085989,1.4248584429550475,1.4228273082721044,1.425156053866118,1.4244436559682891,1.4249727971023343,0.0,0.00070354,17.178400594564476,43.02616405139725,7.930657641531812,22.13068059968527,0,425240215.7801496,20287.225055319814
