var1_min,var2_min,var3_min,var4_min,var5_min,var1_max,var2_max,var3_max,var4_max,var5_max,var1_95th,var2_95th,var3_95th,var4_95th,var5_95th,obj1_min,obj2_min,obj1_max,obj2_max,obj1_95th,obj2_95th,cv1_min,cv1_max,cv1_95th
3.0230772088812914e-05,2.474493397021543e-05,7.278014685343176e-05,1.2974405005656441e-05,8.921009458822249e-05,1.499983865462106,1.4999570856549733,1.4999908973463354,1.4999822926472615,1.4999703327729892,1.4249995273405172,1.4249778066286716,1.424988011529525,1.4249924092755364,1.4249832337504604,0.0,0.00070354,16.787929443552887,45.60621309004702,7.95906307242728,22.25537075703971,0,146835265.13087487,18214.685199669475
