var1_min,var2_min,var1_max,var2_max,var1_95th,var2_95th,obj1_min,obj2_min,obj1_max,obj2_max,obj1_95th,obj2_95th,cv1_min,cv1_max,cv1_95th
1.5000000000000002e-05,6.910489520617347e-06,1.499997344389041,1.4999956063436717,1.424827965007209,1.424263151641652,0.0,0.00070354,6.017388606507529,16.032413556106107,4.128000639977399,11.67949927687477,0,643.8052967028972,174.7470165789509
