var1_min,var2_min,var1_max,var2_max,var1_95th,var2_95th,obj1_min,obj2_min,obj3_min,obj1_max,obj2_max,obj3_max,obj1_95th,obj2_95th,obj3_95th,cv1_min,cv1_max,cv1_95th
0.0002851322133429478,5.53125167575759e-05,1.499864487056774,1.4998365967963654,1.424979911605719,1.4248913482317263,0.0,0.0,0.053377,1.499864487056774,1.4998365967963654,5.0,1.424979911605719,1.4248913482317263,4.520336161827446,0,0.0,0.0
