var1_min,var2_min,var1_max,var2_max,var1_95th,var2_95th,obj1_min,obj2_min,obj3_min,obj1_max,obj2_max,obj3_max,obj1_95th,obj2_95th,obj3_95th,cv1_min,cv1_max,cv1_95th
9.430882467239415e-08,5.004318455433324e-06,1.4999993369456364,1.499999539508203,1.4241749988584218,1.4251774175577856,0.0,0.0,0.053377,1.4999993369456364,1.499999539508203,5.0,1.4241749988584218,1.4251774175577856,4.538344653854517,0,0.0,0.0
