var1_min,var2_min,var3_min,var4_min,var5_min,var1_max,var2_max,var3_max,var4_max,var5_max,var1_95th,var2_95th,var3_95th,var4_95th,var5_95th,obj1_min,obj2_min,obj1_max,obj2_max,obj1_95th,obj2_95th,cv1_min,cv1_max,cv1_95th
2.274587832074096e-07,1.043323422230888e-06,6.058820720741126e-08,6.185989356345678e-08,3.650822265281045e-07,0.9999997987460052,0.9999998630713265,0.9999999143174981,0.9999989699999641,0.9999998488513901,0.9487390021662641,0.9499258632283076,0.9494216594082258,0.9489640542054097,0.9498838055293747,0.0,0.15000000000000002,1.0,4.962176765663762,0.9487390021662641,4.68770062466465,0,4.110813168663544,3.976327287655729
