var1_min,var2_min,var3_min,var4_min,var5_min,var6_min,var7_min,var8_min,var9_min,var10_min,var1_max,var2_max,var3_max,var4_max,var5_max,var6_max,var7_max,var8_max,var9_max,var10_max,var1_95th,var2_95th,var3_95th,var4_95th,var5_95th,var6_95th,var7_95th,var8_95th,var9_95th,var10_95th,obj1_min,obj2_min,obj1_max,obj2_max,obj1_95th,obj2_95th,cv1_min,cv1_max,cv1_95th
4.841096113977761e-08,3.2488383040700176e-05,2.9082052582158568e-05,5.081130001316081e-05,1.4089167636942624e-05,8.502025661017764e-06,7.051705221728855e-05,8.129788120681324e-06,2.478299585955013e-05,1.5033531939245282e-06,0.9999892643343452,0.999984179184531,0.9999814722377142,0.9999884922549256,0.9999968183042768,0.9999972038962304,0.9999933808822686,0.9999973591001009,0.9999803742777429,0.9999903394233737,0.9499945980102326,0.9500008372060422,0.949993870381801,0.9499692565063432,0.9499923115511901,0.9499827031191049,0.9499771802172712,0.9499982327486798,0.9499916977212882,0.9499939599241299,0.0,0.15000000000000002,1.0,9.89121671673594,0.9499945980102326,9.664984936999524,0,9.041732750408606,8.934376813738591
