var1_min,var2_min,var1_max,var2_max,var1_95th,var2_95th,obj1_min,obj2_min,obj1_max,obj2_max,obj1_95th,obj2_95th,cv1_min,cv1_max,cv1_95th
1.1232270649332715e-06,2.6479386048298623e-06,0.9999998559206685,0.99999813644366,0.9500763049546952,0.9494320375258055,0.0,0.15000000000000002,1.0,1.4647376167380044,0.9500763049546952,1.4213157782790569,0,0.6147206946313656,0.6048435626270979
