fsr,corr_cf,f_mdl_r2,dist_c_corr,skew_rnge,piz_ob_min,ps_dist_iqr_mean,cpo_upo_n,corr_obj,cv_range_coeff,cv_mdl_r2
0.05,0,1.0,0.0,0.02473100139269332,0.025,0.0,0.05,-1.0,0.06402219967331929,0.04277573242408772
0.0,0,1.0,-0.4766917293233082,0.01169607359585332,0.0,0.0,0.05,-1.0,0.2367410109539938,0.03803428309176082
