var1_min,var2_min,var3_min,var4_min,var5_min,var1_max,var2_max,var3_max,var4_max,var5_max,var1_95th,var2_95th,var3_95th,var4_95th,var5_95th,obj1_min,obj2_min,obj1_max,obj2_max,obj1_95th,obj2_95th,cv1_min,cv1_max,cv1_95th
4.645806948343489e-07,3.3816090128992224e-05,3.0471858468200664e-05,6.142247604686468e-05,5.217403430364065e-05,0.999987777286596,0.9999022212092461,0.9999975869733264,0.9999878869864905,0.9999868674129886,0.9499828571429011,0.9499692263028855,0.9500000334446381,0.9499471291945288,0.9499874314091987,0.0,0.15000000000000002,1.0,4.958120175330546,0.9499828571429011,4.687134982274858,0,4.11100733379896,3.982632724473426
