var1_min,var2_min,var1_max,var2_max,var1_95th,var2_95th,obj1_min,obj2_min,obj1_max,obj2_max,obj1_95th,obj2_95th,cv1_min,cv1_max,cv1_95th
1.9002615028143599e-06,0.00012586104541824572,0.9999697092824517,0.99998883246745,0.9499333120699419,0.949983477573009,0.0,0.15000000000000002,1.0,1.4647369562587322,0.9499333120699419,1.4222309749220552,0,0.6147164157556281,0.6047454121482356
