var1_min,var2_min,var3_min,var4_min,var5_min,var6_min,var7_min,var8_min,var9_min,var10_min,var1_max,var2_max,var3_max,var4_max,var5_max,var6_max,var7_max,var8_max,var9_max,var10_max,var1_95th,var2_95th,var3_95th,var4_95th,var5_95th,var6_95th,var7_95th,var8_95th,var9_95th,var10_95th,obj1_min,obj2_min,obj1_max,obj2_max,obj1_95th,obj2_95th,cv1_min,cv1_max,cv1_95th
6.321223194535874e-08,2.2569369190206245e-07,6.383499238319518e-09,1.3905867556323476e-07,6.00007204443545e-07,9.00833973041526e-09,6.432584234890293e-08,4.382295762253921e-08,1.1643333517469268e-07,4.081344631007289e-08,0.9999999654051546,0.9999993731368371,0.9999997847278812,0.999999784850296,0.9999998704000488,0.9999999962945156,0.9999999048008217,0.9999999986455754,0.9999999959151662,0.9999998835900732,0.9496173140806431,0.9492796817093604,0.9491101017735516,0.9497997858377307,0.9496947297909017,0.9489425715277904,0.9489455508891586,0.9497974928226983,0.9492881143813655,0.9494932201810481,0.0,0.15000000000000002,1.0,9.895548635771974,0.9496173140806431,9.65876071772107,0,9.041293441922429,8.957101151945059
