fsr,corr_cf,f_mdl_r2,dist_c_corr,skew_rnge,piz_ob_min,ps_dist_iqr_mean,cpo_upo_n,corr_obj,cv_range_coeff,cv_mdl_r2
0.05,0,1.0,0.4586466165413533,0.04398230679944669,0.0,0.0,0.05,-1.0,0.14685126622746314,0.05429877235456426
0.0,0,1.0,0.0,0.10104917691305028,0.025,0.0,0.05,-1.0,0.007787600499430544,-0.030087186221862128
