var1_min,var2_min,var1_max,var2_max,var1_95th,var2_95th,obj1_min,obj2_min,obj1_max,obj2_max,obj1_95th,obj2_95th,cv1_min,cv1_max,cv1_95th
3.99429644642979e-05,0.00042013253102684525,0.9999224583373502,0.9999932375371486,0.9498941860749487,0.9499966337557417,0.0,0.0,1.0,4.00942913679992,0.9498941860749487,3.6194086991857874,0,3.0125208545381934,2.907749846754673
