var1_min,var2_min,var3_min,var4_min,var5_min,var6_min,var7_min,var8_min,var9_min,var10_min,var1_max,var2_max,var3_max,var4_max,var5_max,var6_max,var7_max,var8_max,var9_max,var10_max,var1_95th,var2_95th,var3_95th,var4_95th,var5_95th,var6_95th,var7_95th,var8_95th,var9_95th,var10_95th,obj1_min,obj2_min,obj1_max,obj2_max,obj1_95th,obj2_95th,cv1_min,cv1_max,cv1_95th
1.2125456213922525e-07,3.3390697558441026e-07,3.27175740270913e-07,7.639673880316389e-08,4.5821879414084665e-08,3.497100603891412e-09,1.089364975830065e-08,2.148877519883574e-07,3.291093053515298e-07,5.3032647738537886e-08,0.9999998948430682,0.9999998731644734,0.9999997621168912,0.9999999144998704,0.9999998959477833,0.9999999792309348,0.9999999954579213,0.9999997865652019,0.9999996385236786,0.9999998326530315,0.9495962138290703,0.9496295125771317,0.9489712097400805,0.9492510749784268,0.94988798516337,0.9500004584664451,0.9496648396653187,0.949740666680553,0.9494052821459644,0.9494889346048877,0.0,0.0,1.0,23.658966849687992,0.9495962138290703,14.87422479155996,0,23.12980325524936,14.228227140116651
