var1_min,var2_min,var1_max,var2_max,var1_95th,var2_95th,obj1_min,obj2_min,obj1_max,obj2_max,obj1_95th,obj2_95th,cv1_min,cv1_max,cv1_95th
3.985086594215058e-06,2.8384200287886216e-06,0.9999998084940511,0.9999997385962354,0.9502210299865771,0.9502429949932603,0.0,0.0,1.0,4.011770036376537,0.9502210299865771,3.602235487021013,0,3.012521143520183,2.9103001231587604
