var1_min,var2_min,var3_min,var4_min,var5_min,var1_max,var2_max,var3_max,var4_max,var5_max,var1_95th,var2_95th,var3_95th,var4_95th,var5_95th,obj1_min,obj2_min,obj1_max,obj2_max,obj1_95th,obj2_95th,cv1_min,cv1_max,cv1_95th
3.602003428452086e-07,1.9099158701206542e-06,1.8385992834463183e-07,4.345531884452497e-07,5.209612881015846e-08,0.9999998226187151,0.999998682793158,0.9999996422514745,0.9999998164362538,0.9999993665090549,0.9496116153220608,0.9488638922634052,0.9492479509987545,0.9504402942793461,0.9490167877058491,0.0,0.0,1.0,12.618921683503098,0.9496116153220608,8.157536829766336,0,11.788474269390885,7.498529487621539
