var1_min,var2_min,var3_min,var4_min,var5_min,var6_min,var7_min,var8_min,var9_min,var10_min,var1_max,var2_max,var3_max,var4_max,var5_max,var6_max,var7_max,var8_max,var9_max,var10_max,var1_95th,var2_95th,var3_95th,var4_95th,var5_95th,var6_95th,var7_95th,var8_95th,var9_95th,var10_95th,obj1_min,obj2_min,obj1_max,obj2_max,obj1_95th,obj2_95th,cv1_min,cv1_max,cv1_95th
2.78484480806257e-05,2.9792848967732488e-05,1.662133240853575e-05,2.8454552144501765e-06,2.4410164389591148e-05,2.909715573323757e-07,3.196310638597211e-06,6.617447244394892e-06,2.2860957690335527e-05,2.525387537125945e-06,0.9999983406829156,0.9999956295600931,0.9999811995734343,0.9999870450117173,0.9999712115558157,0.9999926566943886,0.9999977664650482,0.9999748889339592,0.9999941454949216,0.9999972601850426,0.9499927383652301,0.9499441995741048,0.9499768410966463,0.9499940945025678,0.9499902350209725,0.9499912932837954,0.9499975412481595,0.9499720250919579,0.9499862061897897,0.9499808316295888,0.0,0.0,1.0,24.638742933308745,0.9499927383652301,14.598863077350789,0,24.00922548217848,13.936968992049563
