var1_min,var2_min,var3_min,var4_min,var5_min,var1_max,var2_max,var3_max,var4_max,var5_max,var1_95th,var2_95th,var3_95th,var4_95th,var5_95th,obj1_min,obj2_min,obj1_max,obj2_max,obj1_95th,obj2_95th,cv1_min,cv1_max,cv1_95th
4.0655527586234916e-05,0.00011687380843745732,1.6892557520215456e-05,9.614300678934729e-05,8.109899067293613e-05,0.999967599090723,0.9999412219104362,0.9999908806900608,0.9999627518383326,0.9999994738149192,0.9499889045163349,0.9499952015506063,0.9499091434670414,0.9499327165208237,0.9499240854194747,0.0,0.0,1.0,12.552392573713044,0.9499889045163349,8.160143458832296,0,11.807899005230299,7.492364580347447
