var1_min,var2_min,var3_min,var4_min,var5_min,var6_min,var7_min,var8_min,var9_min,var10_min,var1_max,var2_max,var3_max,var4_max,var5_max,var6_max,var7_max,var8_max,var9_max,var10_max,var1_95th,var2_95th,var3_95th,var4_95th,var5_95th,var6_95th,var7_95th,var8_95th,var9_95th,var10_95th,obj1_min,obj2_min,obj1_max,obj2_max,obj1_95th,obj2_95th,cv1_min,cv1_max,cv1_95th
1.196028087194212e-07,5.103147209476605e-07,8.700289141731765e-08,1.1904846250031936e-07,2.095116681264178e-07,4.380608454000734e-07,4.2719253018439624e-07,5.1298705131853917e-08,2.9671487329196305e-08,4.608581785810195e-08,0.9999996847471313,0.9999999845335895,0.9999998641537298,0.9999998151199283,0.9999997914522814,0.9999999159123987,0.9999997906601443,0.9999998630620227,0.9999997702950183,0.9999999689008923,0.9492317500939632,0.9500381710283489,0.9494929438312509,0.9498083608725277,0.9496678777916431,0.9489850704714392,0.9498014460757366,0.9495482884238217,0.9499057002656977,0.9496929724982279,0.0,0.0,1.0,10.97359023654264,0.9492317500939632,7.7391808600819765,0,10.113426483143089,6.985431024714779
