var1_min,var2_min,var3_min,var4_min,var5_min,var1_max,var2_max,var3_max,var4_max,var5_max,var1_95th,var2_95th,var3_95th,var4_95th,var5_95th,obj1_min,obj2_min,obj1_max,obj2_max,obj1_95th,obj2_95th,cv1_min,cv1_max,cv1_95th
1.7367485060684085e-05,1.0126530511042176e-05,5.6191074431897194e-05,6.637614765773126e-05,3.831520177593395e-05,0.999970697502905,0.9999827037750317,0.999986817740519,0.9999824958606865,0.9999516016971415,0.9499561282385381,0.9499892094253239,0.9499913742058516,0.9499640675637202,0.9499576350442014,0.0,0.0,1.0,5.818524312621084,0.9499561282385381,4.373083949613307,0,5.085301200145321,3.6306723663829583
