var1_min,var2_min,var1_max,var2_max,var1_95th,var2_95th,obj1_min,obj2_min,obj1_max,obj2_max,obj1_95th,obj2_95th,cv1_min,cv1_max,cv1_95th
2.688103486575902e-06,6.540926021291957e-07,0.9999988183184972,0.9999978745494794,0.9508197885218053,0.9515081805974221,0.0,0.0,1.0,2.5616037608370803,0.9508197885218053,2.1427353889683585,0,1.948909572688919,1.391842791350035
