var1_min,var2_min,var3_min,var4_min,var5_min,var6_min,var7_min,var8_min,var9_min,var10_min,var1_max,var2_max,var3_max,var4_max,var5_max,var6_max,var7_max,var8_max,var9_max,var10_max,var1_95th,var2_95th,var3_95th,var4_95th,var5_95th,var6_95th,var7_95th,var8_95th,var9_95th,var10_95th,obj1_min,obj2_min,obj1_max,obj2_max,obj1_95th,obj2_95th,cv1_min,cv1_max,cv1_95th
9.615715069125508e-06,3.511344808673095e-05,2.0044028739465092e-05,8.10558085650781e-07,9.900101051649512e-06,3.8136296694682438e-06,1.1287785148194895e-05,2.8824242584176095e-05,1.7705009154762252e-05,1.1643066071367836e-05,0.9999900540277558,0.9999960006319919,0.9999995006148539,0.9999854243671449,0.9999808703042488,0.9999961108737191,0.9999635254127346,0.999969555294681,0.999980337520791,0.9999824687666953,0.9499627695989431,0.9499790673957622,0.9499307421681259,0.9499888019768989,0.9499921147208964,0.9499625600965153,0.9499596380089178,0.9499919834930846,0.9499796974921825,0.9499751884010128,0.0,0.0,1.0,10.615056791406275,0.9499627695989431,7.744850155530104,0,9.93940357732497,7.023776933486772
