var1_min,var2_min,var3_min,var4_min,var5_min,var1_max,var2_max,var3_max,var4_max,var5_max,var1_95th,var2_95th,var3_95th,var4_95th,var5_95th,obj1_min,obj2_min,obj1_max,obj2_max,obj1_95th,obj2_95th,cv1_min,cv1_max,cv1_95th
2.5112956822913313e-07,7.050459300758649e-08,5.260930250362839e-07,1.0229017640729643e-08,6.89324637740199e-07,0.9999987389289664,0.999999682003446,0.9999998884623608,0.9999999627731124,0.9999999451897662,0.9497106863880527,0.9493804235604484,0.9496905156835325,0.9497551433249242,0.9498910334795335,0.0,0.0,1.0,5.730397673140833,0.9497106863880527,4.195974233440444,0,5.0610426935524195,3.4964083971811806
