var1_min,var2_min,var1_max,var2_max,var1_95th,var2_95th,obj1_min,obj2_min,obj1_max,obj2_max,obj1_95th,obj2_95th,cv1_min,cv1_max,cv1_95th
2.5284662240230848e-05,2.2632243136417872e-05,0.9997964568419571,0.9999517439038419,0.949842253561121,0.9499500819268838,0.0,0.0,1.0,2.559808258248718,0.949842253561121,2.149617814506832,0,1.9455539853670978,1.4105816520847096
