var1_min,var2_min,var3_min,var4_min,var5_min,var6_min,var7_min,var8_min,var9_min,var10_min,var1_max,var2_max,var3_max,var4_max,var5_max,var6_max,var7_max,var8_max,var9_max,var10_max,var1_95th,var2_95th,var3_95th,var4_95th,var5_95th,var6_95th,var7_95th,var8_95th,var9_95th,var10_95th,obj1_min,obj2_min,obj3_min,obj1_max,obj2_max,obj3_max,obj1_95th,obj2_95th,obj3_95th,cv1_min,cv1_max,cv1_95th
9.886340118439917e-06,4.027740035668581e-06,3.130534285860393e-05,6.6294290789001845e-06,7.691144262823356e-06,1.6174320509210194e-07,8.71249573128785e-06,3.338858158368513e-05,5.115922201576917e-06,2.3949721007023695e-05,0.9999531081165723,0.999988045743422,0.9999811672125598,0.999988974145965,0.9999933314140291,0.9999863778192575,0.9999939504011536,0.9999905719896361,0.9999889638678632,0.9999878217466612,0.9499950212556978,0.9499940693904071,0.9499990866568473,0.9499930990797387,0.9499938756855774,0.9499932425515596,0.9499827147129429,0.9499934101132864,0.9499864864166659,0.9499956118884173,0.0,0.0,0.0,8.869789296883802,8.81607584980998,8.938920884491216,5.764370587574385,5.735672847010411,7.914880195596219,0,7.944179925108611,7.915430849702421
