var1_min,var2_min,var1_max,var2_max,var1_95th,var2_95th,obj1_min,obj2_min,obj3_min,obj1_max,obj2_max,obj3_max,obj1_95th,obj2_95th,obj3_95th,cv1_min,cv1_max,cv1_95th
3.145403704127303e-06,0.00011443552129182633,0.9997264197036466,0.9999948399397486,0.9499814361727943,0.9499782525071327,0.0,0.0,0.0,1.0,1.0,1.0,0.6993587276985322,0.7000981539245592,0.9499814361727943,0,0.0,0.0
