var1_min,var2_min,var1_max,var2_max,var1_95th,var2_95th,obj1_min,obj2_min,obj3_min,obj1_max,obj2_max,obj3_max,obj1_95th,obj2_95th,obj3_95th,cv1_min,cv1_max,cv1_95th
8.595546280882639e-06,9.207801032803248e-07,0.9999964079117935,0.9999998750071193,0.9503242305862966,0.9505255940050644,0.0,0.0,0.0,1.0,1.0,1.0,0.6695707693351447,0.712719706905846,0.9503242305862966,0,2.2204459538551666e-16,0.0
