var1_min,var2_min,var3_min,var4_min,var5_min,var1_max,var2_max,var3_max,var4_max,var5_max,var1_95th,var2_95th,var3_95th,var4_95th,var5_95th,obj1_min,obj2_min,obj3_min,obj1_max,obj2_max,obj3_max,obj1_95th,obj2_95th,obj3_95th,cv1_min,cv1_max,cv1_95th
4.750067473736408e-06,2.72226340165973e-05,2.5599594440113283e-05,5.3809719333484216e-05,3.655391916163197e-05,0.9999599761147134,0.9998985928444949,0.9999888012911783,0.9999586891297549,0.9999937640358325,0.9499996938387939,0.9499675295376321,0.9499388981644052,0.9500006017680284,0.9499795686670823,0.0,0.0,0.0,3.8660691353860654,3.851431224888522,3.9796555129529083,2.2664957535334853,2.3053671284086468,3.292334236253733,0,2.9904557671444167,2.94332942847441
