var1_min,var2_min,var3_min,var4_min,var5_min,var1_max,var2_max,var3_max,var4_max,var5_max,var1_95th,var2_95th,var3_95th,var4_95th,var5_95th,obj1_min,obj2_min,obj3_min,obj1_max,obj2_max,obj3_max,obj1_95th,obj2_95th,obj3_95th,cv1_min,cv1_max,cv1_95th
9.054572598730243e-08,2.6240851737184545e-08,6.78643595707594e-07,3.9446878818006487e-07,1.4370956050837116e-06,0.9999995784294589,0.9999999656620115,0.9999996236897591,0.9999999734504643,0.9999994431053895,0.949847154229493,0.9496841095856321,0.9496371939214131,0.9492166158691591,0.9496949925756742,0.0,0.0,0.0,3.9699742173146997,3.9655228590231375,3.988830013072489,2.2600759731453146,2.290474035642612,3.2243740593036216,0,2.9905846745110995,2.950042870750407
