var1_min,var2_min,var3_min,var4_min,var5_min,var6_min,var7_min,var8_min,var9_min,var10_min,var1_max,var2_max,var3_max,var4_max,var5_max,var6_max,var7_max,var8_max,var9_max,var10_max,var1_95th,var2_95th,var3_95th,var4_95th,var5_95th,var6_95th,var7_95th,var8_95th,var9_95th,var10_95th,obj1_min,obj2_min,obj3_min,obj1_max,obj2_max,obj3_max,obj1_95th,obj2_95th,obj3_95th,cv1_min,cv1_max,cv1_95th
1.249907430329704e-07,5.552580769827009e-08,3.1917115640971855e-07,2.4008101690443234e-07,9.493504650806561e-08,1.0591098089859918e-07,1.7276976595204108e-07,2.4132930807191366e-07,1.2014578355725586e-07,1.6594980589332807e-07,0.9999998186197686,0.9999999301489586,0.999999791899025,0.9999997885392357,0.999999766619927,0.9999998545592734,0.9999997801078531,0.999999890149788,0.9999999993513456,0.999999865095024,0.9498695324585301,0.9494377426918188,0.9496631904113593,0.94927542160513,0.9493874648887489,0.9498002947974531,0.9496291092952055,0.949621107310506,0.9495495547215298,0.9492929063720843,0.0,0.0,0.0,8.926768810997983,8.875273153225773,8.941387137590684,5.88433128266712,5.748849163243889,7.66634115266887,0,7.944183395040679,7.927619559103896
