var1_min,var2_min,var3_min,var4_min,var5_min,var1_max,var2_max,var3_max,var4_max,var5_max,var1_95th,var2_95th,var3_95th,var4_95th,var5_95th,obj1_min,obj2_min,obj1_max,obj2_max,obj1_95th,obj2_95th,cv1_min,cv1_max,cv1_95th
2.37649642036053e-05,8.23352966785995e-06,2.198014757082778e-05,0.00012791399698368,8.819372524851976e-05,0.9999999459213633,0.9999950444448983,0.9999970541316319,0.9999815464521068,0.9999896577337434,0.9499592479466915,0.9499695380642289,0.9499977717402015,0.9499705532029062,0.9499748852532923,0.0,0.0,4.9619767879823256,4.962999330470245,4.152344241517294,4.730756847045668,0,22.38328206991554,21.9626325409869
