var1_min,var2_min,var1_max,var2_max,var1_95th,var2_95th,obj1_min,obj2_min,obj1_max,obj2_max,obj1_95th,obj2_95th,cv1_min,cv1_max,cv1_95th
1.643919259968124e-05,2.6580409131369554e-05,0.9999454930206081,0.9999712117929341,0.9500004221248772,0.9499611672606538,0.0,0.0,1.4646587330058796,1.464738571283089,1.3915022612095491,1.462903917549508,0,0.10454075217629355,0.08542394243188624
