var1_min,var2_min,var3_min,var4_min,var5_min,var1_max,var2_max,var3_max,var4_max,var5_max,var1_95th,var2_95th,var3_95th,var4_95th,var5_95th,obj1_min,obj2_min,obj1_max,obj2_max,obj1_95th,obj2_95th,cv1_min,cv1_max,cv1_95th
3.6580723637713586e-08,1.421997752430737e-07,4.440279696878158e-08,2.5453834360568417e-07,5.29453410855283e-07,0.9999998769810672,0.999999683155115,0.999999900422893,0.9999998853293977,0.9999998751336692,0.9497630087238401,0.9497926349597529,0.9490191314696901,0.9495237072091912,0.9489351447935811,0.0,0.0,4.960614354270996,4.962474227773563,4.075643667519459,4.677047035889438,0,22.377936857077614,21.82314707025766
