var1_min,var2_min,var3_min,var4_min,var5_min,var6_min,var7_min,var8_min,var9_min,var10_min,var1_max,var2_max,var3_max,var4_max,var5_max,var6_max,var7_max,var8_max,var9_max,var10_max,var1_95th,var2_95th,var3_95th,var4_95th,var5_95th,var6_95th,var7_95th,var8_95th,var9_95th,var10_95th,obj1_min,obj2_min,obj1_max,obj2_max,obj1_95th,obj2_95th,cv1_min,cv1_max,cv1_95th
4.517191480440441e-06,1.5476984919200243e-05,2.0220606858782907e-06,4.533881540067669e-05,2.4168802122030485e-05,2.7276444993483418e-05,6.5475175812436115e-06,1.0579857604439968e-05,8.239094392070684e-05,4.8485679757552134e-05,0.9999928402542462,0.9999935311108493,0.9999991384201324,0.9999487613834949,0.9999909335801177,0.9999974585284995,0.9999679703997761,0.9999937345182119,0.999971850441514,0.9999967521580003,0.9499974705562603,0.9499887664448732,0.9499895743291815,0.9500001790467133,0.9499690837822579,0.9499972498151046,0.9499860523804087,0.9499916459323592,0.9499739610973299,0.9499929181240717,0.0,0.0,9.893721742588957,9.895169296066422,8.756208510354314,9.648371197569327,0,95.6723989528967,95.20740334110297
