var1_min,var2_min,var3_min,var4_min,var5_min,var6_min,var7_min,var8_min,var9_min,var10_min,var1_max,var2_max,var3_max,var4_max,var5_max,var6_max,var7_max,var8_max,var9_max,var10_max,var1_95th,var2_95th,var3_95th,var4_95th,var5_95th,var6_95th,var7_95th,var8_95th,var9_95th,var10_95th,obj1_min,obj2_min,obj1_max,obj2_max,obj1_95th,obj2_95th,cv1_min,cv1_max,cv1_95th
2.0236839915117356e-07,9.81291570206072e-08,1.9447745257077098e-08,3.1972067353770034e-07,4.915764921856192e-10,2.1744046814194205e-07,3.3941154364402343e-07,1.1980957195095732e-07,9.90013229512296e-08,1.1374897695808073e-07,0.9999997168960951,0.9999996854653026,0.9999999971024414,0.9999997289514619,0.9999999645917204,0.9999998968275787,0.9999999890652485,0.999999700735211,0.9999999678892261,0.9999999706081328,0.9498193663166932,0.9495114665676601,0.9494201856207385,0.9499899113360629,0.9500168529068207,0.9496336794254688,0.9490949476769482,0.9494953473678148,0.9496099566652014,0.9495641203683772,0.0,0.0,9.89448346822156,9.895612851764971,8.544801680271526,9.575335745099382,0,95.67282677620055,95.42748748394206
