var1_min,var2_min,var1_max,var2_max,var1_95th,var2_95th,obj1_min,obj2_min,obj1_max,obj2_max,obj1_95th,obj2_95th,cv1_min,cv1_max,cv1_95th
1.6517540518401486e-06,3.996756236558652e-08,0.9999909171485778,0.9999943667706886,0.9478298980836328,0.9502899981067614,0.0,0.0,1.4647252674781925,1.4647385714790115,1.3883230109260114,1.4629263622789352,0,0.10454091719764691,0.08577908463459595
