var1_min,var2_min,var1_max,var2_max,var1_95th,var2_95th,obj1_min,obj2_min,obj1_max,obj2_max,obj1_95th,obj2_95th,cv1_min,cv1_max,cv1_95th
4.767666756507255e-05,0.0001312897291164464,1.0998725027337146,1.0999221498983485,1.044992920904338,1.044633783281414,8.978574933920957e-05,0.0,4.407215715021206,4.413390724668541,3.271613618229401,3.997404910519849,0,18.481218540578386,16.86877792034416
