var1_min,var2_min,var3_min,var4_min,var5_min,var6_min,var7_min,var8_min,var9_min,var10_min,var1_max,var2_max,var3_max,var4_max,var5_max,var6_max,var7_max,var8_max,var9_max,var10_max,var1_95th,var2_95th,var3_95th,var4_95th,var5_95th,var6_95th,var7_95th,var8_95th,var9_95th,var10_95th,obj1_min,obj2_min,obj1_max,obj2_max,obj1_95th,obj2_95th,cv1_min,cv1_max,cv1_95th
3.5925945471564774e-07,8.595648750501367e-08,8.990805391677348e-08,2.162815770315879e-08,2.7152230030330626e-08,3.871063728351498e-07,1.610604661566456e-07,2.249531025344531e-08,8.171648401694709e-08,1.9118344723231123e-07,1.0999994520972909,1.0999997280595395,1.0999998999341711,1.0999999523467123,1.0999999599403718,1.0999999704905037,1.0999998769362314,1.0999997502747896,1.0999993358501867,1.0999999480284757,1.0441834776069037,1.0453737339334475,1.044393051793226,1.0445356180746015,1.0441613811050912,1.0446713723754315,1.0439909185141527,1.0444257403506345,1.044849297904164,1.0441869944881668,2.7593101520296906e-06,0.0,23.139888907118394,25.882515796068866,11.499706813974445,14.81413037798732,0,689.810109373141,246.58537226372715
