var1_min,var2_min,var3_min,var4_min,var5_min,var6_min,var7_min,var8_min,var9_min,var10_min,var1_max,var2_max,var3_max,var4_max,var5_max,var6_max,var7_max,var8_max,var9_max,var10_max,var1_95th,var2_95th,var3_95th,var4_95th,var5_95th,var6_95th,var7_95th,var8_95th,var9_95th,var10_95th,obj1_min,obj2_min,obj1_max,obj2_max,obj1_95th,obj2_95th,cv1_min,cv1_max,cv1_95th
3.0931673498285294e-06,6.525836869866926e-06,2.5317297832677596e-05,1.983112742843904e-05,1.393358452728801e-05,7.927592745864742e-07,3.6310803725001296e-05,9.16022603155709e-06,6.7287254848086125e-06,1.7725158069961875e-05,1.0999675607826656,1.099995018811968,1.099979066024299,1.0999979892211307,1.0999753659856126,1.0999790596118841,1.0999972678202568,1.0999966786257935,1.099996503672467,1.0999771019068574,1.0449991884239245,1.0449053724885515,1.0449806586080743,1.0449885324595296,1.0449949839523314,1.0449995089512922,1.0449825237077306,1.0449111342296462,1.0449935356003597,1.0449904976644833,2.535435137687874e-05,0.0,24.52015118640514,25.191129596448864,11.912848913674647,14.56595822777119,0,605.2351175289976,234.7133426941789
