var1_min,var2_min,var3_min,var4_min,var5_min,var1_max,var2_max,var3_max,var4_max,var5_max,var1_95th,var2_95th,var3_95th,var4_95th,var5_95th,obj1_min,obj2_min,obj1_max,obj2_max,obj1_95th,obj2_95th,cv1_min,cv1_max,cv1_95th
1.6454668497686842e-06,2.8899234707320184e-07,1.5396824704951018e-08,4.702555973278358e-07,5.8174250160136776e-08,1.0999995833025717,1.0999997869509293,1.099999818097178,1.0999991122002113,1.0999993468815985,1.044168650013626,1.0443397068540605,1.0449843856234615,1.0453462300765375,1.0445115260876483,9.291356055153624e-06,0.0,13.265910873595542,13.817533215652254,6.787510388391569,8.244858062641446,0,200.47343513457076,79.38591473034252
