var1_min,var2_min,var3_min,var4_min,var5_min,var1_max,var2_max,var3_max,var4_max,var5_max,var1_95th,var2_95th,var3_95th,var4_95th,var5_95th,obj1_min,obj2_min,obj1_max,obj2_max,obj1_95th,obj2_95th,cv1_min,cv1_max,cv1_95th
5.601722629752782e-05,2.2845648265504837e-07,1.0244053069194415e-05,8.330228215004735e-05,2.5881745617799905e-05,1.0999844961426428,1.099958724402401,1.0999335967051571,1.0999986407733509,1.0999995079990394,1.0449967606462724,1.0449874974683044,1.0449970393136614,1.045000129752685,1.0449824978975744,0.0002351237159503043,0.0,13.755141307341928,14.025264330085315,6.731718014168759,8.331230081251146,0,189.28517606497417,77.33773793286028
