var1_min,var2_min,var3_min,var4_min,var5_min,var1_max,var2_max,var3_max,var4_max,var5_max,var1_95th,var2_95th,var3_95th,var4_95th,var5_95th,obj1_min,obj2_min,obj1_max,obj2_max,obj1_95th,obj2_95th,cv1_min,cv1_max,cv1_95th
1.506884354931376e-06,1.1344245106226919e-07,4.635726540691554e-07,1.6802613150698406e-06,2.1320640664936052e-07,0.9999990659697915,0.999997918314369,0.9999994678926323,0.9999986579006077,0.9999987455173035,0.9495410284912097,0.9489855526708723,0.9488991084623563,0.9488058055105875,0.9490544928313628,0.0,0.0,5.381748905233571,5.747708360542831,3.4814580430352726,4.030165581716318,0,36.648827677633236,19.528100718587172
