var1_min,var2_min,var1_max,var2_max,var1_95th,var2_95th,obj1_min,obj2_min,obj1_max,obj2_max,obj1_95th,obj2_95th,cv1_min,cv1_max,cv1_95th
1.4104139637398892e-06,7.449865656247723e-07,0.9999966350285914,0.9999988868863476,0.9500551832006598,0.9491902709053333,0.0,0.0,2.1699833181673385,2.726121781259776,1.6666341711887647,2.305004092973658,0,7.517073021948923,4.934024003646313
