var1_min,var2_min,var1_max,var2_max,var1_95th,var2_95th,obj1_min,obj2_min,obj1_max,obj2_max,obj1_95th,obj2_95th,cv1_min,cv1_max,cv1_95th
8.892462426795256e-06,4.179377013777047e-05,0.9999653612251252,0.9999843135789667,0.9498660072154865,0.9499349461147211,0.0,0.0,2.167211648846389,2.7140579886771348,1.7427924066759786,2.2823146629382487,0,7.488172419657895,4.979081972243864
