var1_min,var2_min,var3_min,var4_min,var5_min,var1_max,var2_max,var3_max,var4_max,var5_max,var1_95th,var2_95th,var3_95th,var4_95th,var5_95th,obj1_min,obj2_min,obj1_max,obj2_max,obj1_95th,obj2_95th,cv1_min,cv1_max,cv1_95th
6.724765982599712e-05,5.670073094179662e-06,2.9341744306939032e-05,1.0182933476884925e-05,1.1944130431167377e-05,0.9999209551603967,0.9999878268553725,0.9999819117577978,0.9999487093559709,0.9998535310858273,0.9499803069029829,0.94999516057273,0.9499264388399375,0.9499788833887599,0.9499952365867934,0.0,0.0,5.312299425975357,5.759854965516771,3.446414042654352,4.279707582224312,0,37.76779651232076,21.43989448149673
