var1_min,var2_min,var3_min,var4_min,var5_min,var6_min,var7_min,var8_min,var9_min,var10_min,var1_max,var2_max,var3_max,var4_max,var5_max,var6_max,var7_max,var8_max,var9_max,var10_max,var1_95th,var2_95th,var3_95th,var4_95th,var5_95th,var6_95th,var7_95th,var8_95th,var9_95th,var10_95th,obj1_min,obj2_min,obj3_min,obj1_max,obj2_max,obj3_max,obj1_95th,obj2_95th,obj3_95th,cv1_min,cv1_max,cv1_95th
2.228489230649e-08,4.176728206350955e-09,1.0114899870201227e-07,4.9622014235486955e-08,3.570726320612644e-07,3.0733822857509363e-07,1.0081045946196826e-07,8.999437198925486e-09,2.219158441959558e-07,1.2166401620970074e-07,0.9999995625292436,0.9999997183309508,0.9999994105330658,0.9999999278008425,0.9999996415494972,0.9999999168136176,0.9999998479116707,0.9999999807559841,0.9999999115324757,0.9999998443942966,0.9493290332700388,0.9494869526742301,0.9492393119635774,0.9494131862682046,0.9492821401873596,0.9494000115057696,0.9496345641304679,0.9498381998714988,0.9498679099552048,0.9494034271526185,0.0,0.0,0.0,18.470984984485963,19.872864674817695,19.526458767540753,9.29914431413034,9.641519489818558,11.753639463719038,0,491.5639925992345,201.93015605826167
