var1_min,var2_min,var1_max,var2_max,var1_95th,var2_95th,obj1_min,obj2_min,obj3_min,obj1_max,obj2_max,obj3_max,obj1_95th,obj2_95th,obj3_95th,cv1_min,cv1_max,cv1_95th
0.00012471170438610763,0.00011602104720561251,0.9998911446166865,0.9999226775287434,0.9498742456875621,0.9499083580997579,0.0,0.0,0.0,1.0,1.0,1.0,0.9214043650457706,0.9237572001849497,0.9969018143021023,0,0.4374999999456072,0.4328254140259013
