var1_min,var2_min,var3_min,var4_min,var5_min,var1_max,var2_max,var3_max,var4_max,var5_max,var1_95th,var2_95th,var3_95th,var4_95th,var5_95th,obj1_min,obj2_min,obj3_min,obj1_max,obj2_max,obj3_max,obj1_95th,obj2_95th,obj3_95th,cv1_min,cv1_max,cv1_95th
1.5969294967180024e-05,2.006547603550013e-06,1.435727602139525e-05,0.00022143880843374263,7.10059893491759e-05,0.9999970244369221,0.999989642783823,0.9999704333728888,0.999998084719999,0.9999932592701916,0.9499905066758048,0.9499597972816565,0.9499633938230839,0.9499946527571226,0.9499377380029135,0.0,0.0,0.0,9.375298093881447,9.523289460019265,9.841231779311746,4.853396447177481,4.830026509486195,6.144632874443663,0,98.68202916360136,53.09580149798437
