var1_min,var2_min,var3_min,var4_min,var5_min,var6_min,var7_min,var8_min,var9_min,var10_min,var1_max,var2_max,var3_max,var4_max,var5_max,var6_max,var7_max,var8_max,var9_max,var10_max,var1_95th,var2_95th,var3_95th,var4_95th,var5_95th,var6_95th,var7_95th,var8_95th,var9_95th,var10_95th,obj1_min,obj2_min,obj3_min,obj1_max,obj2_max,obj3_max,obj1_95th,obj2_95th,obj3_95th,cv1_min,cv1_max,cv1_95th
1.9919102073654715e-05,7.729022505626682e-06,2.9699749060922042e-05,1.5889719052637474e-06,1.2258382497478681e-05,3.1411328542813588e-06,1.1068139769255636e-05,4.071535313836583e-06,4.621615062281814e-06,1.5777879300392706e-05,0.9999958214569001,0.9999990381827036,0.9999956854110774,0.9999811903262792,0.9999952107119595,0.9999917603316713,0.9999596838676192,0.9999954728443455,0.9999915975271596,0.9999990661006704,0.9499701880564985,0.949970079865118,0.9499904355603117,0.9499663743918595,0.9499723953728307,0.9499865156236376,0.9499963083509215,0.9499801014458573,0.9499985652582219,0.9499647547642806,0.0,0.0,0.0,19.669982784958023,18.969510740177622,20.14689849462816,9.639016145377028,9.56210823088513,11.844531023338707,0,436.14236300845346,200.4244792408018
