var1_min,var2_min,var3_min,var4_min,var5_min,var1_max,var2_max,var3_max,var4_max,var5_max,var1_95th,var2_95th,var3_95th,var4_95th,var5_95th,obj1_min,obj2_min,obj3_min,obj1_max,obj2_max,obj3_max,obj1_95th,obj2_95th,obj3_95th,cv1_min,cv1_max,cv1_95th
2.8680945246811057e-07,4.947599420578215e-07,1.4297936388150967e-07,9.197514646414311e-07,2.857315724242096e-07,0.9999991077432058,0.9999993595512784,0.999999531078611,0.999999799114075,0.9999997883988608,0.9485800075260146,0.9489129703484782,0.9493947800920068,0.949388759041722,0.9495544105840962,0.0,0.0,0.0,8.679289432928334,8.933009980449357,9.956431318404528,4.926025659384128,4.688362326487806,5.999131438818932,0,99.66620550629322,50.87020677155271
