var1_min,var2_min,var1_max,var2_max,var1_95th,var2_95th,obj1_min,obj2_min,obj3_min,obj1_max,obj2_max,obj3_max,obj1_95th,obj2_95th,obj3_95th,cv1_min,cv1_max,cv1_95th
3.5284008489252713e-06,1.7749887502339912e-07,0.9999986926589343,0.9999929381861383,0.9496360624647755,0.9502262668224323,0.0,0.0,0.0,1.0,1.0,1.0,0.9438504607774878,0.9077491556756734,0.9968723179867783,0,0.43749999999938405,0.4327963133656729
