var1_min,var2_min,var1_max,var2_max,var1_95th,var2_95th,obj1_min,obj2_min,obj1_max,obj2_max,obj1_95th,obj2_95th,cv1_min,cv1_max,cv1_95th
1.2105886562313873e-05,0.00011257986495476102,0.9998807250411536,0.9998028117819183,0.9499679171562031,0.9499644242788889,0.0,0.0,1.4645638648481756,1.463095872157939,1.391454649928167,1.2220087939478157,0,0.04369331291358353,0.03788810771615616
