var1_min,var2_min,var3_min,var4_min,var5_min,var1_max,var2_max,var3_max,var4_max,var5_max,var1_95th,var2_95th,var3_95th,var4_95th,var5_95th,obj1_min,obj2_min,obj1_max,obj2_max,obj1_95th,obj2_95th,cv1_min,cv1_max,cv1_95th
4.1587326119297826e-05,1.7084666799129456e-05,3.440720734375624e-06,4.224591976016767e-06,2.0816334854563577e-05,0.9999816623908667,0.9999841641570631,0.9999394083962512,0.9999651865309108,0.9999833604320271,0.9499901371477157,0.9499572264013624,0.9499626645396949,0.949955826573786,0.9499623894920965,0.0,0.0,4.939870864726667,4.906243842639324,4.159335502319786,3.5444646780786973,0,113.95845673853269,57.72461226857889
