var1_min,var2_min,var1_max,var2_max,var1_95th,var2_95th,obj1_min,obj2_min,obj1_max,obj2_max,obj1_95th,obj2_95th,cv1_min,cv1_max,cv1_95th
2.490837722985556e-06,1.3337729589061459e-06,0.9999995993715379,0.99999,0.9507837961685549,0.950339059325162,0.0,0.0,1.4647379846650486,1.4641024099863507,1.3926496993872206,1.221218654808288,0,0.043697037292936565,0.037882790464638286
