var1_min,var2_min,var3_min,var4_min,var5_min,var1_max,var2_max,var3_max,var4_max,var5_max,var1_95th,var2_95th,var3_95th,var4_95th,var5_95th,obj1_min,obj2_min,obj1_max,obj2_max,obj1_95th,obj2_95th,cv1_min,cv1_max,cv1_95th
7.993678177698436e-07,2.2768606955901605e-07,4.2833579508815e-07,5.753708296999012e-07,2.3453867892958558e-08,0.9999991733568864,0.9999995563027176,0.9999998804132963,0.999999426802497,0.9999996530903801,0.9495494359436423,0.9490997771315465,0.9500137752176931,0.9494855754567131,0.9493473418151563,0.0,0.0,4.958488390384327,4.955538000780591,4.0726743482361805,3.45732761209594,0,115.69115276120002,52.51426569199398
