var1_min,var2_min,var3_min,var4_min,var5_min,var6_min,var7_min,var8_min,var9_min,var10_min,var11_min,var12_min,var13_min,var14_min,var15_min,var16_min,var17_min,var18_min,var19_min,var20_min,var1_max,var2_max,var3_max,var4_max,var5_max,var6_max,var7_max,var8_max,var9_max,var10_max,var11_max,var12_max,var13_max,var14_max,var15_max,var16_max,var17_max,var18_max,var19_max,var20_max,var1_95th,var2_95th,var3_95th,var4_95th,var5_95th,var6_95th,var7_95th,var8_95th,var9_95th,var10_95th,var11_95th,var12_95th,var13_95th,var14_95th,var15_95th,var16_95th,var17_95th,var18_95th,var19_95th,var20_95th,obj1_min,obj2_min,obj1_max,obj2_max,obj1_95th,obj2_95th,cv1_min,cv1_max,cv1_95th
3.1151932515020513e-06,9.557203362328304e-07,2.390539156501288e-06,1.4287164271354191e-06,6.936429298460442e-06,1.8951800355114568e-07,4.0195445583606216e-07,1.3045622186447892e-05,2.32566444510983e-06,4.689345605748723e-06,2.815490404762695e-06,8.748450832751832e-06,8.827591169136317e-07,2.542993360942516e-06,1.2767728538088897e-06,3.3883325035445775e-06,8.89911695209422e-07,1.4412020822674342e-07,4.631563393063205e-06,1.0974390545162294e-06,1.49999736849762,1.499998636909833,1.4999993201731363,1.4999998939963552,1.499999369656682,1.499998783990303,1.499990211710795,1.4999937098773561,1.4999961373264274,1.4999997307594315,1.499982617401888,1.4999993206313278,1.4999921105830154,1.4999943028524283,1.499999363336149,1.4999990799781973,1.49999944623792,1.4999974974370698,1.4999951273708338,1.4999985808151766,1.4999898019584088,1.4999919580168022,1.4999872854092358,1.4999830186577165,1.499995796321765,1.4999917424898643,1.4999709869675515,1.4999862765858942,1.4999859298552072,1.499976087960179,1.4999641653901428,1.4999794677992748,1.499986820237945,1.4999886476519075,1.499989741646138,1.499995672323157,1.499996615000187,1.4999821266440305,1.499985323882283,1.4999826939853471,0.0,0.00070354,49.61359906253915,130.7427500268384,47.17217872948514,122.95861929495616,0.0,8.211947957994775e+22,8.344235115643111e+21
