var1_min,var2_min,var3_min,var4_min,var5_min,var6_min,var7_min,var8_min,var9_min,var10_min,var11_min,var12_min,var13_min,var14_min,var15_min,var16_min,var17_min,var18_min,var19_min,var20_min,var1_max,var2_max,var3_max,var4_max,var5_max,var6_max,var7_max,var8_max,var9_max,var10_max,var11_max,var12_max,var13_max,var14_max,var15_max,var16_max,var17_max,var18_max,var19_max,var20_max,var1_95th,var2_95th,var3_95th,var4_95th,var5_95th,var6_95th,var7_95th,var8_95th,var9_95th,var10_95th,var11_95th,var12_95th,var13_95th,var14_95th,var15_95th,var16_95th,var17_95th,var18_95th,var19_95th,var20_95th,obj1_min,obj2_min,obj1_max,obj2_max,obj1_95th,obj2_95th,cv1_min,cv1_max,cv1_95th
8.030969993189085e-09,1.4756298450085276e-07,4.543936292077805e-08,4.461569382170627e-10,7.443348119372944e-08,3.861002336857239e-08,2.2224840788565015e-07,1.5710496309093158e-07,5.938112513422661e-09,1.9053012412575954e-07,3.55766353317237e-08,2.328182392838038e-08,8.943821536242652e-09,4.092169914905741e-08,2.6533430387727652e-08,1.18248832262427e-08,1.630837755074374e-08,7.591796861343772e-08,4.704509603756235e-08,2.9521724896055743e-08,1.4999999322640598,1.4999998758002955,1.4999998988987806,1.4999999514734361,1.4999999929366175,1.4999999595860647,1.499999994107295,1.4999998113221977,1.4999999728033926,1.4999998821378007,1.4999999536013515,1.4999998315312575,1.4999998487224362,1.4999999071130798,1.499999953579767,1.499999991215142,1.4999999773834998,1.4999999140097071,1.499999930293059,1.4999999606117955,1.499997008952336,1.4999965963085966,1.4999958708693835,1.499996098919016,1.499995759024353,1.4999965387006091,1.4999966754261913,1.4999962275310283,1.499996016920703,1.4999958402194058,1.4999964269565464,1.4999959962331413,1.4999960255630678,1.49999634192407,1.4999963973054766,1.4999961102670247,1.4999960168027127,1.4999964929149328,1.499996486179016,1.499996515594272,0.0,0.00070354,54.1877399071267,128.16839953645263,38.213105974654034,102.615298333308,0.0,7.516244377950885e+24,1.4648231876722322e+18
