var1_min,var2_min,var3_min,var4_min,var5_min,var6_min,var7_min,var8_min,var9_min,var10_min,var1_max,var2_max,var3_max,var4_max,var5_max,var6_max,var7_max,var8_max,var9_max,var10_max,var1_95th,var2_95th,var3_95th,var4_95th,var5_95th,var6_95th,var7_95th,var8_95th,var9_95th,var10_95th,obj1_min,obj2_min,obj1_max,obj2_max,obj1_95th,obj2_95th,cv1_min,cv1_max,cv1_95th
1.1250717030623846e-05,2.3447676737540193e-05,1.577262507939474e-05,2.3947349035592288e-05,1.1055337961342325e-06,1.0808636658991942e-05,6.450491678883574e-06,3.183835268810311e-05,3.180572133816132e-06,2.461128924600018e-05,1.4142132715379172,1.414191988492,1.4142113310846833,1.4142073095576229,1.4142014083016312,1.4142037296656478,1.4141533331336393,1.4141798126085723,1.4141750952988008,1.4142097552475992,1.4141832499304827,1.4141483458060842,1.4141882935009729,1.4141871915916915,1.4141570492776483,1.414161696687323,1.4140287642847609,1.414031518446344,1.4140690603480188,1.4141702438712684,4.346155773377102e-05,0.00920339888100554,21.2231553883731,19.428053589201586,17.483016105409618,17.001293546543508,0.0,890367.7588387558,409740.489255964
