var1_min,var2_min,var3_min,var4_min,var5_min,var6_min,var7_min,var8_min,var9_min,var10_min,var1_max,var2_max,var3_max,var4_max,var5_max,var6_max,var7_max,var8_max,var9_max,var10_max,var1_95th,var2_95th,var3_95th,var4_95th,var5_95th,var6_95th,var7_95th,var8_95th,var9_95th,var10_95th,obj1_min,obj2_min,obj1_max,obj2_max,obj1_95th,obj2_95th,cv1_min,cv1_max,cv1_95th
8.352093717514073e-07,4.1334257181734655e-08,1.8640486138880645e-07,5.506490483829457e-08,5.6076274293514896e-08,3.007187069097177e-08,3.2990894939443944e-07,9.153941816643989e-08,9.097661546049112e-08,3.4246133017869215e-07,1.4142135139410141,1.4142128738432678,1.414213538239763,1.4142132907602811,1.4142134304079428,1.4142133934025527,1.4142135529213788,1.414212883988299,1.4142135607709196,1.414213500845817,1.4142068439899345,1.4142057697842747,1.4142071555172246,1.414205890047765,1.4142049962930812,1.414205289804643,1.414204812410851,1.4142061004053583,1.4142074581797623,1.4142066421031254,4.202598669754484e-06,0.002913152130670365,24.50866747965845,26.952624852561723,15.033911237395236,15.933657482028101,0.0,1595456.9107576278,226855.9421117251
