var1_min,var2_min,var3_min,var4_min,var5_min,var1_max,var2_max,var3_max,var4_max,var5_max,var1_95th,var2_95th,var3_95th,var4_95th,var5_95th,obj1_min,obj2_min,obj3_min,obj1_max,obj2_max,obj3_max,obj1_95th,obj2_95th,obj3_95th,cv1_min,cv1_max,cv1_95th
1.0991332971632683e-05,1.975484151144822e-05,3.15727055360377e-05,4.678879084042964e-06,5.201685633414743e-06,0.9999836984026158,0.9999892666130372,0.9999922323902105,0.9999999798500346,0.9999981165628182,0.9999645690900373,0.9999720779342612,0.9999646357921077,0.9999618573495374,0.9999724994543219,0.10444276331630797,0.13449503790894146,0.11368961530329497,7.395665897339961,7.4457192842924,7.5133627230419355,7.278654675316795,7.329371417681973,7.4068918889450295,0.0,32.465418045336264,31.49234474888309
