var1_min,var2_min,var3_min,var4_min,var5_min,var6_min,var7_min,var8_min,var9_min,var10_min,var11_min,var12_min,var13_min,var14_min,var15_min,var16_min,var17_min,var18_min,var19_min,var20_min,var1_max,var2_max,var3_max,var4_max,var5_max,var6_max,var7_max,var8_max,var9_max,var10_max,var11_max,var12_max,var13_max,var14_max,var15_max,var16_max,var17_max,var18_max,var19_max,var20_max,var1_95th,var2_95th,var3_95th,var4_95th,var5_95th,var6_95th,var7_95th,var8_95th,var9_95th,var10_95th,var11_95th,var12_95th,var13_95th,var14_95th,var15_95th,var16_95th,var17_95th,var18_95th,var19_95th,var20_95th,obj1_min,obj2_min,obj1_max,obj2_max,obj1_95th,obj2_95th,cv1_min,cv1_max,cv1_95th
1.9231399441729736e-05,6.371468908218869e-07,1.5936927710008587e-06,3.939836177468487e-06,1.456959370232366e-05,3.7734238368703643e-06,2.679696372240414e-07,2.3477730674556527e-05,2.689583917942775e-06,3.126230403832482e-06,1.87699360317513e-06,2.2203186107696898e-05,5.885060779424211e-07,1.6953289072950106e-06,2.2344895796694582e-05,1.54030131689097e-05,2.9270801458524253e-06,9.86181664900939e-06,4.546877423034079e-06,6.030496835972334e-06,0.9999954672284154,0.999999091273222,0.9999838594374114,0.9999999293309035,0.9999971639841577,0.9999991893268687,0.9999934744738634,0.9999928102218268,0.9999916833017323,0.9999826053215508,0.9999884116012587,0.9999995470875519,0.999994740388677,0.9999937480537251,0.9999995755574327,0.9999993866521315,0.99999963082528,0.9999983316247132,0.9999898944982454,0.9999730377744439,0.9999932202516078,0.9999975601117074,0.9999788933931832,0.9999803890447598,0.9999876582474068,0.9999954695436143,0.9999870417156481,0.9999832018859622,0.9999828590543104,0.99998024530135,0.9999883199774443,0.9999714260534861,0.9999930237425649,0.9999892088548983,0.9999974703880892,0.9999974895789557,0.9999754238963726,0.9999925703666853,0.9999854206728327,0.9999641074513469,0.0,0.0,2.566040063100406,2.338362094831554,2.337010254442413,2.3270059577683937,0.0,0.8578008070312355,0.8480961285069575
