var1_min,var2_min,var3_min,var4_min,var5_min,var1_max,var2_max,var3_max,var4_max,var5_max,var1_95th,var2_95th,var3_95th,var4_95th,var5_95th,obj1_min,obj2_min,obj3_min,obj1_max,obj2_max,obj3_max,obj1_95th,obj2_95th,obj3_95th,cv1_min,cv1_max,cv1_95th
7.110384693184701e-08,4.4470022693594846e-07,1.9155995121481612e-07,2.0410653127703182e-08,1.726048991738255e-07,0.9999995943778692,0.9999998960135117,0.9999988890438034,0.9999997425846826,0.9999986981335943,0.9999903906658038,0.9999929013515418,0.999991950134561,0.9999923640298801,0.9999921202584063,0.0,0.0,0.0,1.6619323253928562,1.6911634966236917,1.7058407283538441,1.4920462570454318,1.507770426125947,1.6144281224405503,0.0,0.9700339133121555,0.7000777670098677
