var1_min,var2_min,var3_min,var4_min,var5_min,var6_min,var1_max,var2_max,var3_max,var4_max,var5_max,var6_max,var1_95th,var2_95th,var3_95th,var4_95th,var5_95th,var6_95th,obj1_min,obj2_min,obj1_max,obj2_max,obj1_95th,obj2_95th,cv1_min,cv1_max,cv1_95th
1.9516479630443673e-06,7.564728770753648e-07,2.1572520281240917e-06,4.120301794058312e-07,2.9287542991335603e-05,1.8242463452104648e-05,0.9999991976603365,0.9999959567041549,0.9999999780748883,0.9999988578038794,15.999937596717505,15.999978350305424,0.9999946360861159,0.999990422909731,0.999990807484361,0.9999924029205003,15.999846475232625,15.999843139708585,-0.9999988578038794,0.18717393461699364,-4.120301794058312e-07,7.998871195250205,-4.575732991571519e-06,7.9931736726166935,0.0,4.9931916439923985,4.655197708848729
