var1_min,var2_min,var3_min,var4_min,var5_min,var6_min,var7_min,var8_min,var9_min,var10_min,var11_min,var12_min,var13_min,var14_min,var15_min,var16_min,var17_min,var18_min,var1_max,var2_max,var3_max,var4_max,var5_max,var6_max,var7_max,var8_max,var9_max,var10_max,var11_max,var12_max,var13_max,var14_max,var15_max,var16_max,var17_max,var18_max,var1_95th,var2_95th,var3_95th,var4_95th,var5_95th,var6_95th,var7_95th,var8_95th,var9_95th,var10_95th,var11_95th,var12_95th,var13_95th,var14_95th,var15_95th,var16_95th,var17_95th,var18_95th,obj1_min,obj2_min,obj3_min,obj1_max,obj2_max,obj3_max,obj1_95th,obj2_95th,obj3_95th,cv1_min,cv1_max,cv1_95th
-0.9999992707702527,-0.9999988528600694,-0.9999990781335437,-0.9999998940213546,-0.9999998708597314,-0.9999998451706026,-0.9999995349324129,-0.9999996611551619,-0.9999995639331594,-0.9999968261547219,9.98796691721593e-07,3.8560748265650813e-07,0.00012579640556575206,8.519852429025171e-05,6.468330421109669e-05,2.8028718200134167e-05,0.0001349703298045117,0.0009632661751479872,0.9999996986258974,0.9999998359052049,0.9999982234526601,0.9999994783295341,0.9999990772987186,0.9999997609378601,0.9999983137888262,0.9999998774642429,0.9999994155463501,0.9999998599381561,1.9999993530806535,1.9999994542073225,499.99963302565874,499.9999560715823,499.9996306944404,499.9999732832712,499.99999089816464,499.99989039464486,0.9999973452753785,0.9999963314157022,0.9999953316169051,0.9999923385119978,0.9999941082165024,0.9999944474688028,0.9999925154487811,0.999994475499426,0.999996357728359,0.9999955737531415,1.9999945333937477,1.9999922386175057,499.99898042275464,499.9983289467041,499.99749582571116,499.9993915342147,499.9988091516447,499.9994920894695,-1448.4554352901746,-458.8429048008512,0.023874890061428625,1168.6516589989158,1029.7901465601606,3.9134581319948643,1070.329770565126,794.6953740791405,3.0702159874325012,0.0,684546.5647041196,307634.4985493816
