var1_min,var2_min,var3_min,var4_min,var5_min,var6_min,var7_min,var8_min,var9_min,var10_min,var11_min,var12_min,var13_min,var14_min,var15_min,var16_min,var17_min,var18_min,var19_min,var20_min,var21_min,var22_min,var23_min,var24_min,var25_min,var1_max,var2_max,var3_max,var4_max,var5_max,var6_max,var7_max,var8_max,var9_max,var10_max,var11_max,var12_max,var13_max,var14_max,var15_max,var16_max,var17_max,var18_max,var19_max,var20_max,var21_max,var22_max,var23_max,var24_max,var25_max,var1_95th,var2_95th,var3_95th,var4_95th,var5_95th,var6_95th,var7_95th,var8_95th,var9_95th,var10_95th,var11_95th,var12_95th,var13_95th,var14_95th,var15_95th,var16_95th,var17_95th,var18_95th,var19_95th,var20_95th,var21_95th,var22_95th,var23_95th,var24_95th,var25_95th,obj1_min,obj2_min,obj1_max,obj2_max,obj1_95th,obj2_95th,cv1_min,cv1_max,cv1_95th
0.0005550945214470657,-0.005244098447823327,0.008856888021923647,0.021053252624381662,-0.05048653960335457,0.052721162720820995,-0.09963608036439638,-0.016144437399260986,-0.014446317716395688,0.0009631076918444125,-0.03976541010601282,-0.12459504148178378,-0.24709623563824876,-0.35527699596402773,-0.1708280974931226,-0.3196635810663075,-0.10135956355366975,-0.06827374293472048,-0.03161417070699475,-0.004495141258306586,-3.9999354837321284,-3.9999809577970997,-3.99998590653655,-3.999998231498526,-3.999789151180333,0.03739618763797933,0.09159122038512503,0.20714052352372656,0.18065934022127855,0.38135450145477595,0.2477296778755435,0.237082660139609,0.18901553075669303,0.07910504236622207,0.022936828108914953,-0.004962963500906838,0.0271493352148022,0.07947255237665499,0.1110765989956794,0.17711735910714896,0.11147432393196627,0.14751066470289437,0.0720132656486013,0.06630623520548043,0.013224889556725149,14.99986680794235,14.999737045366842,14.99991282229303,14.999918753139557,14.999801509566705,0.037396051424600334,0.09158995881201955,0.20714049100640686,0.18065878961310847,0.38135402421268444,0.24772916936664738,0.23708129465502498,0.18901214209356432,0.07910406996983475,0.022936698353518546,-0.004963464542874098,0.02714867756750863,0.07946675654403974,0.11107104869094102,0.17711676569000434,0.11147245295571977,0.14750731932195485,0.07201264196796078,0.06630545787074746,0.013224796212088958,14.999828679487143,14.999509433306082,14.999674115883176,14.999845417190786,14.999790580305481,-48.08874881286112,0.002336363636363637,15.134953582305002,0.2129681818181818,14.891429922019674,0.2029715909090909,0.0,7.413804261752479,7.333491730439956
