var1_min,var2_min,var3_min,var1_max,var2_max,var3_max,var1_95th,var2_95th,var3_95th,obj1_min,obj2_min,obj1_max,obj2_max,obj1_95th,obj2_95th,cv1_min,cv1_max,cv1_95th
0.500006599927964,0.5000005986829877,-0.4899962668508802,1.3999987622569132,1.3999970588405914,1.4899802,1.399994264353442,1.399991,1.4899772797638007,0.5038773439705923,-3.359478769621897,4.199575948920226,-0.25012737854689115,4.169897812922428,-0.25467109187050635,0.0,1.8894056800442656,1.7929176541190757
