var1_min,var2_min,var3_min,var4_min,var5_min,var6_min,var7_min,var8_min,var9_min,var10_min,var11_min,var12_min,var13_min,var14_min,var15_min,var16_min,var17_min,var18_min,var19_min,var20_min,var1_max,var2_max,var3_max,var4_max,var5_max,var6_max,var7_max,var8_max,var9_max,var10_max,var11_max,var12_max,var13_max,var14_max,var15_max,var16_max,var17_max,var18_max,var19_max,var20_max,var1_95th,var2_95th,var3_95th,var4_95th,var5_95th,var6_95th,var7_95th,var8_95th,var9_95th,var10_95th,var11_95th,var12_95th,var13_95th,var14_95th,var15_95th,var16_95th,var17_95th,var18_95th,var19_95th,var20_95th,obj1_min,obj2_min,obj1_max,obj2_max,obj1_95th,obj2_95th,cv1_min,cv1_max,cv1_95th
4.5715799326141726e-07,-1.9999989588914195,-1.99999974975962,-1.9999999988102481,-1.9999993928892963,-1.999998849299705,-1.999999407337579,-1.9999995810534317,-1.999998975921646,-1.9999988535105673,-1.99999868534531,-1.9999995899691545,-1.9999997861796548,-1.9999995570011542,-1.9999982634723124,-1.9999982756419779,-1.9999997025257215,-1.9999991926284908,-1.999999868774037,-1.999998469194679,0.9999998563891461,1.9999963499011635,1.9999995102449457,1.999998052368218,1.9999999811643132,1.9999988805757463,1.9999993646485743,1.999997995807016,1.9999986742814273,1.9999977853465163,1.999997588119916,1.9999994636411182,1.9999989345359568,1.9999990929139475,1.9999988725080078,1.9999993650459045,1.9999986942553214,1.9999997706925523,1.9999992181094708,1.999999894964788,0.9999978868289506,1.9999820251327556,1.999990846910182,1.99998890609159,1.999984876347261,1.9999912414921408,1.999990434513982,1.9999892748694534,1.999991260045574,1.9999911519675813,1.999991343553747,1.9999892900040475,1.999992849219873,1.9999950375410913,1.9999927638124158,1.999988356932346,1.9999941054877437,1.999989125841329,1.9999863039971033,1.9999911498423804,0.0,0.125,87.93401799575817,89.75467823109936,82.48549340597955,82.80109246217077,0.0,2.706537524636507,2.697389375215804
