var1_min,var2_min,var3_min,var4_min,var5_min,var1_max,var2_max,var3_max,var4_max,var5_max,var1_95th,var2_95th,var3_95th,var4_95th,var5_95th,obj1_min,obj2_min,obj3_min,obj1_max,obj2_max,obj3_max,obj1_95th,obj2_95th,obj3_95th,cv1_min,cv1_max,cv1_95th
1.3212311565543024e-05,3.933771811136155e-06,9.456213314587159e-06,5.387174132680928e-06,9.386015516179046e-06,1.4999836302360348,1.4999913525729291,1.4999950477984378,1.4999889502342771,1.4999937418830513,1.4999566559620723,1.4999818799961486,1.4999746296131238,1.499981312001533,1.4999397809969006,0.0,0.0,0.053377,1.4999836302360348,1.4999913525729291,47.68528338450588,1.4999566559620723,1.4999818799961486,44.539887419244295,0.0,42.99727270176038,39.73687216489409
