var1_min,var2_min,var3_min,var4_min,var5_min,var1_max,var2_max,var3_max,var4_max,var5_max,var1_95th,var2_95th,var3_95th,var4_95th,var5_95th,obj1_min,obj2_min,obj1_max,obj2_max,obj1_95th,obj2_95th,cv1_min,cv1_max,cv1_95th
1.3595091662060855e-06,6.3186880213508044e-06,1.7576934310166382e-06,3.5398578811797423e-06,1.2083967872086543e-06,0.9999988853261862,0.9999978918273659,0.9999975559276972,0.9999939850561501,0.9999855469867829,0.9999838090430365,0.999984252886911,0.9999631120799181,0.9999863015832037,0.9999690564873025,0.0,0.0,4.959604205831326,4.962873438174927,4.953744370442261,4.962669693966629,0.0,22.38354336350289,22.38170015646151
