var1_min,var2_min,var3_min,var1_max,var2_max,var3_max,var1_95th,var2_95th,var3_95th,obj1_min,obj2_min,obj1_max,obj2_max,obj1_95th,obj2_95th,cv1_min,cv1_max,cv1_95th
136.00007333253293,56.00000798243984,1.4000015083430786,145.99998624729903,67.99996078454123,2.199992,145.9999362705938,67.99988,2.1999908201065863,0.835347417138018,0.9866696319147418,1.2831436406661814,1.3234012720294446,1.266843522015475,1.3134263803741322,0.0,19.99990421078564,19.99921858165336
