var1_min,var2_min,var3_min,var4_min,var5_min,var6_min,var7_min,var8_min,var9_min,var10_min,var1_max,var2_max,var3_max,var4_max,var5_max,var6_max,var7_max,var8_max,var9_max,var10_max,var1_95th,var2_95th,var3_95th,var4_95th,var5_95th,var6_95th,var7_95th,var8_95th,var9_95th,var10_95th,obj1_min,obj2_min,obj1_max,obj2_max,obj1_95th,obj2_95th,cv1_min,cv1_max,cv1_95th
2.063598318812962e-07,3.427466633253162e-08,1.7652881195012737e-08,3.51113158920599e-07,9.419143273507735e-08,4.098092984215068e-07,7.179028815341992e-08,1.2116592801141024e-07,3.412443714233271e-08,2.055624690883162e-07,0.9999999225372769,0.9999996842930345,0.9999999923268301,0.9999998527673991,0.9999999251644917,0.9999999876974781,0.9999998638908443,0.9999999464159273,0.9999997201295969,0.999999877440144,0.9999954137158578,0.9999945383891811,0.9999951199632295,0.9999957736521398,0.9999945679398937,0.9999952223756415,0.9999941142714059,0.9999945319293918,0.9999955203821405,0.9999946628397276,0.5,0.5,19.276178910589707,18.846876046046575,18.185942635828194,18.040324703853962,0.0,312.20574411835696,279.2398611366742
