var1_min,var2_min,var1_max,var2_max,var1_95th,var2_95th,obj1_min,obj2_min,obj1_max,obj2_max,obj1_95th,obj2_95th,cv1_min,cv1_max,cv1_95th
1.8575828542875538e-06,2.8467762960889654e-05,0.9999981843608272,0.99996840779487,0.9999626458635826,0.999899670859268,0.0,0.0,1.4647359120442816,1.4642050781013736,1.4646838574365948,1.4616069423751676,0.0,0.043693647242904164,0.04368329632380394
