var1_min,var2_min,var1_max,var2_max,var1_95th,var2_95th,obj1_min,obj2_min,obj1_max,obj2_max,obj1_95th,obj2_95th,cv1_min,cv1_max,cv1_95th
3.5525461134968545e-06,2.913708649644395e-06,0.9999970247258814,0.9999924313490809,0.99999,0.99999,0.0,0.0,1.4647342134822474,1.464738571471767,1.464723924095295,1.4647385714077727,0.0,0.1045409171184164,0.10454091494506602
