var1_min,var2_min,var3_min,var4_min,var5_min,var6_min,var7_min,var8_min,var9_min,var10_min,var1_max,var2_max,var3_max,var4_max,var5_max,var6_max,var7_max,var8_max,var9_max,var10_max,var1_95th,var2_95th,var3_95th,var4_95th,var5_95th,var6_95th,var7_95th,var8_95th,var9_95th,var10_95th,obj1_min,obj2_min,obj3_min,obj1_max,obj2_max,obj3_max,obj1_95th,obj2_95th,obj3_95th,cv1_min,cv1_max,cv1_95th
3.095397478219443e-07,5.1411999498797434e-08,2.6479321792519106e-08,5.266697383808985e-07,1.4128714910261603e-07,6.147139476322602e-07,1.0768543223012988e-07,1.8174889201711536e-07,5.118665571349906e-08,3.083437036324743e-07,1.4999998838059154,1.4999995264395518,1.499999988490245,1.4999997791510986,1.4999998877467375,1.499999981546217,1.4999997958362665,1.499999919623891,1.4999995801943955,1.499999816160216,1.4999931205737866,1.4999918075837717,1.4999926799448442,1.4999936604782096,1.4999918519098405,1.4999928335634625,1.499991171407109,1.4999917978940878,1.4999932805732106,1.4999919942595914,0.0,0.0,0.053377,1.4999998838059154,1.4999995264395518,110.287116642854,1.4999931205737866,1.4999918075837717,68.13945921490362,0.0,105.57985655538629,63.744435704082285
