var1_min,var2_min,var1_max,var2_max,var1_95th,var2_95th,obj1_min,obj2_min,obj3_min,obj1_max,obj2_max,obj3_max,obj1_95th,obj2_95th,obj3_95th,cv1_min,cv1_max,cv1_95th
2.7863742814313307e-06,4.270164444133448e-05,1.4999972765412408,1.499952611692305,1.4999439687953737,1.499849506288902,0.0,0.0,0.041824073488630265,1.4999972765412408,1.499952611692305,5.0,1.4999439687953737,1.499849506288902,5.0,0.0,0.0,0.0
