var1_min,var2_min,var1_max,var2_max,var1_95th,var2_95th,obj1_min,obj2_min,obj3_min,obj1_max,obj2_max,obj3_max,obj1_95th,obj2_95th,obj3_95th,cv1_min,cv1_max,cv1_95th
5.328819170245282e-06,4.370562974466592e-06,1.499995537088822,1.4999886470236214,1.4999850000000001,1.4999850000000001,0.0,0.0,0.041707026330101815,1.499995537088822,1.4999886470236214,5.0,1.4999850000000001,1.4999850000000001,5.0,0.0,0.0,0.0
