var1_min,var2_min,var3_min,var4_min,var5_min,var6_min,var7_min,var8_min,var9_min,var10_min,var1_max,var2_max,var3_max,var4_max,var5_max,var6_max,var7_max,var8_max,var9_max,var10_max,var1_95th,var2_95th,var3_95th,var4_95th,var5_95th,var6_95th,var7_95th,var8_95th,var9_95th,var10_95th,obj1_min,obj2_min,obj1_max,obj2_max,obj1_95th,obj2_95th,cv1_min,cv1_max,cv1_95th
3.6602670494372936e-06,3.696230418645463e-06,2.61531507578171e-06,2.01194379482178e-07,5.526562468561625e-06,2.966595267191785e-07,1.3593144889486598e-06,2.0515913148665024e-06,2.351253707881251e-06,8.8316937265342e-06,1.4999986535975445,1.4999929083696228,1.499998230255188,1.4999982252863258,1.4999895862502546,1.4999989575678119,1.499999291603002,1.4999926494372824,1.4999993002863423,1.4999984105192534,1.4999941899490286,1.499967475328809,1.499977836890152,1.4999696346469213,1.4999800237305525,1.4999908078648283,1.499990375513813,1.4999838052216978,1.499978674913384,1.4999817387620762,0.0,0.00070354,31.177713415162813,92.85266760492081,28.984897423782282,76.49762658053805,0.0,1233666537576729.0,61857892439719.74
