var1_min,var2_min,var3_min,var4_min,var5_min,var6_min,var7_min,var8_min,var9_min,var1_max,var2_max,var3_max,var4_max,var5_max,var6_max,var7_max,var8_max,var9_max,var1_95th,var2_95th,var3_95th,var4_95th,var5_95th,var6_95th,var7_95th,var8_95th,var9_95th,obj1_min,obj2_min,obj1_max,obj2_max,obj1_95th,obj2_95th,cv1_min,cv1_max,cv1_95th
0.00029107526775958844,0.0006394663632071356,0.0009684393405647603,0.0007156490629852192,0.0012154706504125916,0.000576046879371275,0.0037273028380366046,0.0005066416367616585,1.113927398380553e-05,99.99980207287452,199.99736507613267,99.9955133527267,99.99991384555247,99.9999806710361,99.99821945815948,199.9974528589626,99.9994445927822,199.99812413660965,99.99777310650852,199.99593867545474,99.99444429234755,99.99905570198723,99.99895761168557,99.99634903799182,199.99586576340093,99.99843211152088,199.99560672738286,-3800.9664314823403,1.3776562198755373,2082.476095731458,1998.2445279917788,2055.722731103254,1995.0379717866795,0.0,73567.47293580815,72411.20369065682
