var1_min,var2_min,var3_min,var4_min,var5_min,var6_min,var7_min,var8_min,var9_min,var10_min,var11_min,var12_min,var13_min,var14_min,var15_min,var1_max,var2_max,var3_max,var4_max,var5_max,var6_max,var7_max,var8_max,var9_max,var10_max,var11_max,var12_max,var13_max,var14_max,var15_max,var1_95th,var2_95th,var3_95th,var4_95th,var5_95th,var6_95th,var7_95th,var8_95th,var9_95th,var10_95th,var11_95th,var12_95th,var13_95th,var14_95th,var15_95th,obj1_min,obj2_min,obj1_max,obj2_max,obj1_95th,obj2_95th,cv1_min,cv1_max,cv1_95th
6.424892430923934e-06,2.217431738536527e-06,1.5732796994972583e-06,6.396131321662414e-06,2.3898206501381986e-06,1.4489974343719476e-05,4.8081599486252475e-06,9.180119719903882e-06,6.185359016120323e-07,1.015175907658111e-06,1.2923333660950323e-05,1.8652289436208286e-06,4.417065225976518e-06,1.8452014330324892e-07,9.744828114073043e-08,1.0999990399272888,1.099995534499978,1.0999954836258656,1.099998949620712,1.0999999192024354,1.0999987815419208,1.0999928200541285,1.0999998096562484,1.099999816512648,1.0999984857131366,1.0999999739018542,1.0999999081004657,1.0999939878763763,1.099998764955345,1.09999902959205,1.0999959416182685,1.0999867127839562,1.0999925842021037,1.0999941335205317,1.0999948671735607,1.0999854607802326,1.0999865664679298,1.0999913908344408,1.0999878752407977,1.0999884834755038,1.099980629854413,1.0999903683103063,1.099971018468656,1.099987772555802,1.0999935212724838,9.35359620358717e-05,0.0,31.362388168271337,34.396395105561204,30.49912550714798,32.39663109030763,0.0,1251.1389843965799,1091.2594550686797
