var1_min,var2_min,var3_min,var4_min,var5_min,var1_max,var2_max,var3_max,var4_max,var5_max,var1_95th,var2_95th,var3_95th,var4_95th,var5_95th,obj1_min,obj2_min,obj1_max,obj2_max,obj1_95th,obj2_95th,cv1_min,cv1_max,cv1_95th
1e-05,1e-05,1e-05,1e-05,1e-05,0.99999,0.99999,0.9999966275786794,0.9999940124211121,0.9999953516821968,0.99999,0.9712336281012611,0.99999,0.9994533348786601,0.9718220152544705,0.05114726475222521,0.5,3.108850202457741,3.5232717362759285,2.470497186096349,2.687437190615148,0.0,2.691206736479636,1.2145856104129331
