var1_min,var2_min,var3_min,var4_min,var5_min,var6_min,var7_min,var8_min,var9_min,var10_min,var11_min,var12_min,var13_min,var14_min,var15_min,var16_min,var17_min,var18_min,var19_min,var20_min,var1_max,var2_max,var3_max,var4_max,var5_max,var6_max,var7_max,var8_max,var9_max,var10_max,var11_max,var12_max,var13_max,var14_max,var15_max,var16_max,var17_max,var18_max,var19_max,var20_max,var1_95th,var2_95th,var3_95th,var4_95th,var5_95th,var6_95th,var7_95th,var8_95th,var9_95th,var10_95th,var11_95th,var12_95th,var13_95th,var14_95th,var15_95th,var16_95th,var17_95th,var18_95th,var19_95th,var20_95th,obj1_min,obj2_min,obj1_max,obj2_max,obj1_95th,obj2_95th,cv1_min,cv1_max,cv1_95th
7.468018007293631e-08,2.6896256836300703e-10,1.2982031377846426e-08,1.3500839840183132e-08,3.133465569307714e-08,8.85700059943123e-08,4.096498310707242e-09,2.918545851694765e-08,1.861926644478734e-07,1.0082784225942665e-07,1.8537495250631197e-08,1.2858865110730588e-08,9.041631303385866e-08,1.1294968656552773e-08,3.523429565471803e-09,2.3219742648593333e-08,4.1081902211678734e-08,1.2664590928052055e-08,6.637891345265268e-08,3.639379922079633e-08,0.9999999055418012,0.9999999656081362,0.9999999969263511,0.9999999418611332,0.9999999975409758,0.9999999979122552,0.9999999694839046,0.9999999924093412,0.9999998372905383,0.9999999929104739,0.9999999631560406,0.9999998992441583,0.9999998677521875,0.9999999957267149,0.9999999594367173,0.9999999975377765,0.9999999947105578,0.9999999495392169,0.9999999781335165,0.9999999821905143,0.9999970679223886,0.9999979215473919,0.9999978901599427,0.9999967863377215,0.9999979368874846,0.9999978209016869,0.9999978330590524,0.9999973678723282,0.9999975943999249,0.9999973198651633,0.9999967615031228,0.999997429145266,0.9999977163560475,0.9999971699061272,0.9999975284152478,0.999997507355094,0.999997464059989,0.9999975499939089,0.9999975964143584,0.9999974726749246,0.0,0.0,19.754543698690807,19.755301486276302,19.713226835601684,19.73637545503937,0.0,388.02193717119667,388.01537370977684
