var1_min,var2_min,var3_min,var4_min,var5_min,var6_min,var7_min,var8_min,var9_min,var10_min,var11_min,var12_min,var13_min,var14_min,var15_min,var1_max,var2_max,var3_max,var4_max,var5_max,var6_max,var7_max,var8_max,var9_max,var10_max,var11_max,var12_max,var13_max,var14_max,var15_max,var1_95th,var2_95th,var3_95th,var4_95th,var5_95th,var6_95th,var7_95th,var8_95th,var9_95th,var10_95th,var11_95th,var12_95th,var13_95th,var14_95th,var15_95th,obj1_min,obj2_min,obj1_max,obj2_max,obj1_95th,obj2_95th,cv1_min,cv1_max,cv1_95th
8.260154556909884e-06,2.850838216613552e-06,2.0226849894866274e-06,8.223177874376668e-06,3.072469795513389e-06,1.8629016577569335e-05,6.181604554004499e-06,1.1802408920087971e-05,7.952198735221877e-07,1.3051595789131976e-06,1.6614867031262443e-05,2.3980291536358333e-06,5.678794134965974e-06,2.3722808108225605e-07,1.2528425529015209e-07,1.4142123280568686,1.4142078213088276,1.4142077559025918,1.4142122119543363,1.414213458495812,1.414211995864058,1.4142043314850692,1.4142133176578997,1.414213326472821,1.4142116155321682,1.414213528820048,1.4142134442225789,1.4142058328942158,1.4142119745395485,1.4142123147693826,1.414208344719926,1.4141964796811537,1.4142040282622215,1.4142060201414335,1.4142069633614918,1.4141948700442029,1.4141962915701458,1.4142024940106452,1.4141979741922728,1.414198756168428,1.4141886591707369,1.4142011794038283,1.4141763023051996,1.4141978421754424,1.414205233005531,5.054182800805433e-05,0.01149490147310539,25.096952659130377,25.26212204802736,23.11974471028023,24.73264859288803,0.0,1757684.6799819604,1281879.681984303
