var1_min,var2_min,var3_min,var4_min,var5_min,var6_min,var7_min,var8_min,var9_min,var10_min,var11_min,var12_min,var13_min,var14_min,var15_min,var1_max,var2_max,var3_max,var4_max,var5_max,var6_max,var7_max,var8_max,var9_max,var10_max,var11_max,var12_max,var13_max,var14_max,var15_max,var1_95th,var2_95th,var3_95th,var4_95th,var5_95th,var6_95th,var7_95th,var8_95th,var9_95th,var10_95th,var11_95th,var12_95th,var13_95th,var14_95th,var15_95th,obj1_min,obj2_min,obj1_max,obj2_max,obj1_95th,obj2_95th,cv1_min,cv1_max,cv1_95th
2.884853365274593e-07,2.471637080348252e-08,4.5854825906443563e-08,1.4052898011684968e-07,1.630179218503269e-08,1.2785215491135957e-07,1.8049617336570967e-07,3.664607929249463e-08,2.4299598854134834e-07,1.5471194578022366e-08,2.139825267307266e-08,3.179875364361875e-08,9.713728487830015e-08,6.081295618430355e-08,1.3996710496387368e-07,1.414213466092995,1.414213009555144,1.4142134146347705,1.4142133717494616,1.41421356077778,1.4142135078951508,1.4142135189073977,1.4142134479543629,1.4142134366758092,1.4142131626166436,1.4142134780868172,1.4142134897544945,1.4142133754607205,1.4142133693998271,1.4142133417388363,1.414209036737779,1.4142072651926125,1.4142085161328621,1.4142084921202411,1.4142085467548542,1.4142095083149786,1.4142089082784917,1.4142101004551657,1.4142086535698979,1.4142082664698068,1.414209403045339,1.4142090995947816,1.4142096844532384,1.4142082907914282,1.4142091533560155,3.256228766702626e-06,0.004322439783370581,30.42140564615359,32.63862413839263,20.51768391562881,21.042822645964925,0.0,3736509.5134153264,769549.561167323
