var1_min,var2_min,var3_min,var4_min,var5_min,var1_max,var2_max,var3_max,var4_max,var5_max,var1_95th,var2_95th,var3_95th,var4_95th,var5_95th,obj1_min,obj2_min,obj3_min,obj1_max,obj2_max,obj3_max,obj1_95th,obj2_95th,obj3_95th,cv1_min,cv1_max,cv1_95th
2.0392637493091283e-06,9.478032032026206e-06,2.6365401465249574e-06,5.309786821769613e-06,1.8125951808129815e-06,1.4999983279892792,1.4999968377410489,1.4999963338915459,1.499990977584225,1.4999783204801744,1.4999757135645546,1.4999763793303664,1.4999446681198771,1.4999794523748056,1.4999535847309537,0.0,0.0,0.053377,1.4999983279892792,1.4999968377410489,45.976322042106446,1.4999757135645546,1.4999763793303664,44.16391628675698,0.0,41.37049884565704,39.327974686708274
