var1_min,var2_min,var3_min,var4_min,var5_min,var6_min,var1_max,var2_max,var3_max,var4_max,var5_max,var6_max,var1_95th,var2_95th,var3_95th,var4_95th,var5_95th,var6_95th,obj1_min,obj2_min,obj1_max,obj2_max,obj1_95th,obj2_95th,cv1_min,cv1_max,cv1_95th
10.00022443951575,10.00010590620279,35.00037751910492,35.000078285734084,125.00022903971617,130.0001004550861,124.9999077309387,149.9994339385817,209.99999616310544,224.9997829827371,314.9992589605572,324.99973614418246,124.99938314990334,149.99865920736232,209.99839130976315,224.99855655489506,314.99817689224795,324.99808826400357,23569.975753010138,225.30688933386438,67785.04494965113,1367.9125232149468,64051.21597592338,1236.5899279715716,0.0,788.6494607659084,747.7620196176608
