var1_min,var2_min,var3_min,var4_min,var5_min,var1_max,var2_max,var3_max,var4_max,var5_max,var1_95th,var2_95th,var3_95th,var4_95th,var5_95th,obj1_min,obj2_min,obj1_max,obj2_max,obj1_95th,obj2_95th,cv1_min,cv1_max,cv1_95th
4.5951590444629625e-07,7.444517533677919e-09,6.047124260820727e-07,1.7730496663752315e-07,1.045729824215684e-06,0.999999736561018,0.9999990374206593,0.9999998358593514,0.9999999030333209,0.9999989561227712,0.9999934459022337,0.99999,0.9999906386265799,0.999993333846009,0.9999900059485809,1.219136823773859e-31,0.0,10.507646328339384,12.803190164279858,8.325379023943613,11.957841389153442,0.0,387070.53903070965,151541.17603784383
