var1_min,var2_min,var3_min,var4_min,var5_min,var1_max,var2_max,var3_max,var4_max,var5_max,var1_95th,var2_95th,var3_95th,var4_95th,var5_95th,obj1_min,obj2_min,obj1_max,obj2_max,obj1_95th,obj2_95th,cv1_min,cv1_max,cv1_95th
4.6549898063182743e-07,1.1440232491645441e-05,1.7469936725370006e-06,1.120807681016106e-05,5.304036214646979e-06,0.9999997878812465,19.99999896130992,19.999999237218265,19.99999731560241,19.999996802257648,0.9999933330806954,19.9998,19.999809304375066,19.999842340953442,19.999851835481852,0.0,1.3739896127821576,0.9999997878812465,71.43167428981567,0.9999933330806954,65.39249581933215,0.0,1.1539531860025318,0.9593092040061613
