var1_min,var2_min,var3_min,var4_min,var5_min,var6_min,var7_min,var8_min,var9_min,var10_min,var11_min,var12_min,var13_min,var14_min,var15_min,var16_min,var17_min,var18_min,var19_min,var20_min,var1_max,var2_max,var3_max,var4_max,var5_max,var6_max,var7_max,var8_max,var9_max,var10_max,var11_max,var12_max,var13_max,var14_max,var15_max,var16_max,var17_max,var18_max,var19_max,var20_max,var1_95th,var2_95th,var3_95th,var4_95th,var5_95th,var6_95th,var7_95th,var8_95th,var9_95th,var10_95th,var11_95th,var12_95th,var13_95th,var14_95th,var15_95th,var16_95th,var17_95th,var18_95th,var19_95th,var20_95th,obj1_min,obj2_min,obj3_min,obj4_min,obj5_min,obj1_max,obj2_max,obj3_max,obj4_max,obj5_max,obj1_95th,obj2_95th,obj3_95th,obj4_95th,obj5_95th,cv1_min,cv1_max,cv1_95th
9.615697797724924e-05,0.3000010831497144,9.000050998167078,30.00020093164111,0.3000101987155916,5.000037734238369,-19.99998928121451,-3.1414451386573727,9.000086066682684,30.00015943774747,0.3000013138955222,5.000222031861077,-19.999976459756883,-3.141582001524112,9.000715036643149,30.00078555365621,0.3000020489561021,5.00009861816649,-19.99981812490308,-3.1415547628606784,4.999976336146609,1.9999984551644774,40.99948250201331,80.99999539587616,0.9999980147889103,14.999991893268687,19.99973897895454,3.141547478881214,40.99973286566375,80.99911187141649,0.9999918881208811,14.999995470875518,19.99978961554708,3.141553371452817,40.999985417838275,80.99996771925933,0.999999741577696,14.999983316247132,19.999595779929813,3.14142324493033,4.999965101264818,1.9999958521899024,40.99932358860298,80.99899884130237,0.9999913607731847,14.999954695436143,19.999481668625926,3.141487107926483,40.99945048975507,80.9989915103886,0.9999918239842109,14.99971426053486,19.9997209497026,3.1415248508254425,40.999918052421386,80.99987096852925,0.9999827967274608,14.999925703666854,19.99941682691331,3.1413671340554585,0.12859038978658213,-1.9902606764836324,-4044.0410239823823,-0.2620379177540731,0.596055514974434,1.9327587674182578,0.9974242765018912,-0.2746183548945055,0.00938312070549631,443.684710351377,1.9327587674182578,0.9960898500775557,-0.2976470885199271,0.005834629794196685,443.684710351377,0.0,19732.042743181286,18712.39936959744
