var1_min,var2_min,var3_min,var4_min,var5_min,var6_min,var7_min,var8_min,var9_min,var10_min,var1_max,var2_max,var3_max,var4_max,var5_max,var6_max,var7_max,var8_max,var9_max,var10_max,var1_95th,var2_95th,var3_95th,var4_95th,var5_95th,var6_95th,var7_95th,var8_95th,var9_95th,var10_95th,obj1_min,obj2_min,obj1_max,obj2_max,obj1_95th,obj2_95th,cv1_min,cv1_max,cv1_95th
2.1044678383089277e-05,-0.9999541224349827,-0.9999965129132323,-0.9999997317408273,-0.9999419073604164,-0.9999996044539644,-0.9999981875806814,-0.9999972645449136,-0.9999936505811038,-0.9999882244083647,0.999981560429297,0.9999905444928303,0.9999952608899769,0.9999459326419329,0.9999693536276277,0.9999986100904159,0.999992578858375,0.9999789436238793,0.9999918666548431,0.9999973840617427,0.9999714916559926,0.9999572392058842,0.9999707682610087,0.9999447856912906,0.9999333635728002,0.9999474538959855,0.9999871673517507,0.999972229979383,0.9999707877762684,0.9999750050442423,0.0,0.0,6.726126039919333,5.633850633657315,6.318374274178121,5.545198993747647,0.0,0.06961572339050524,0.06961459921087981
