var1_min,var2_min,var3_min,var4_min,var5_min,var6_min,var7_min,var8_min,var9_min,var10_min,var1_max,var2_max,var3_max,var4_max,var5_max,var6_max,var7_max,var8_max,var9_max,var10_max,var1_95th,var2_95th,var3_95th,var4_95th,var5_95th,var6_95th,var7_95th,var8_95th,var9_95th,var10_95th,obj1_min,obj2_min,obj1_max,obj2_max,obj1_95th,obj2_95th,cv1_min,cv1_max,cv1_95th
2.063598318812962e-07,-0.9999938912364807,-0.9999999646942376,-0.9999980093188513,-0.9999990964671146,-0.9999990151643047,-0.9999969798813991,-0.999999757668144,-0.9999999317511257,-0.9999934719876585,0.9999991524302004,0.9999980233287953,0.9999995937728521,0.9999963631246174,0.9999979483713335,0.9999999753949562,0.9999997277816886,0.9999990389846265,0.9999989657354762,0.9999997548802879,0.9999965430280914,0.9999891136663948,0.9999821297343706,0.9999845695888815,0.9999902044716299,0.9999867827127623,0.9999904590906359,0.9999838373392647,0.9999829069270291,0.999992739986032,0.0,0.0,6.548306687970977,5.253412984161944,5.6734450590070225,4.719846959609593,0.0,0.06961613474653228,0.0696160384992744
