var1_min,var2_min,var3_min,var4_min,var5_min,var6_min,var7_min,var1_max,var2_max,var3_max,var4_max,var5_max,var6_max,var7_max,var1_95th,var2_95th,var3_95th,var4_95th,var5_95th,var6_95th,var7_95th,obj1_min,obj2_min,obj3_min,obj1_max,obj2_max,obj3_max,obj1_95th,obj2_95th,obj3_95th,cv1_min,cv1_max,cv1_95th
2.600000645277003,0.700000054240732,16.510009461156198,7.300000146120586,7.300001244275725,2.9000016061320144,5.000000564950896,3.599999430126731,0.7999999995837671,28.48999991535988,8.299997808225294,8.29999561739827,3.899997459902166,5.4999996311322175,3.5999953856493923,0.7999996268522661,28.4899581992494,8.299990000000001,8.29999004988597,3.899992181163731,5.499996527009016,2448.0579556737603,694.5028274999186,754.4592421215416,7011.290253414163,1699.0705473904677,1004.800057178964,6571.509382294681,1697.5115967981283,1004.7080540449306,0.0,617.2745296107128,611.7280216723012
