var1_min,var2_min,var3_min,var4_min,var5_min,var1_max,var2_max,var3_max,var4_max,var5_max,var1_95th,var2_95th,var3_95th,var4_95th,var5_95th,obj1_min,obj2_min,obj3_min,obj1_max,obj2_max,obj3_max,obj1_95th,obj2_95th,obj3_95th,cv1_min,cv1_max,cv1_95th
8.808207710362015e-06,2.622514540757437e-06,6.304142209724773e-06,3.591449421787285e-06,6.257343677452698e-06,0.9999890868240231,0.9999942350486195,0.9999966985322919,0.9999926334895181,0.9999958279220342,0.9999711039747148,0.9999879199974323,0.9999830864087492,0.9999875413343553,0.9999598539979337,0.0,0.0,0.0,3.9523889479697023,3.895715149675932,3.9872358471776512,3.870838101412662,3.878692912091323,3.9794268886368176,0.0,2.9905437202018033,2.990484433080329
