var1_min,var2_min,var3_min,var1_max,var2_max,var3_max,var1_95th,var2_95th,var3_95th,obj1_min,obj2_min,obj1_max,obj2_max,obj1_95th,obj2_95th,cv1_min,cv1_max,cv1_95th
0.5000234403603006,0.5000480021676283,-0.48995520387989805,1.399991054851336,1.3999927417306437,1.48992347750214,1.3999616929280114,1.3999901144594555,1.4898201844227252,0.5135254982631305,-3.3482697165992086,4.18967456830475,-0.2522229881169592,4.16770167861014,-0.25407199905146294,0.0,1.891880117328089,1.8850371098712437
