var1_min,var2_min,var3_min,var4_min,var5_min,var6_min,var7_min,var8_min,var9_min,var10_min,var1_max,var2_max,var3_max,var4_max,var5_max,var6_max,var7_max,var8_max,var9_max,var10_max,var1_95th,var2_95th,var3_95th,var4_95th,var5_95th,var6_95th,var7_95th,var8_95th,var9_95th,var10_95th,obj1_min,obj2_min,obj1_max,obj2_max,obj1_95th,obj2_95th,cv1_min,cv1_max,cv1_95th
1.0784576325165851e-05,3.9252897806687503e-07,3.61914354138696e-06,2.132250690129711e-06,6.238719552548178e-07,4.512043543525479e-06,1.1489098042398504e-06,5.661582630622686e-06,1.6812383291579303e-06,1.3356037049572223e-07,0.9999978384134812,0.9999982244049618,0.9999975062962109,0.9999915445149778,0.999995499958774,0.9999953606672781,0.9999939583441575,0.9999977778155879,0.9999991261098113,0.9999958473041697,0.9999895111342363,0.9999941848446369,0.9999859946571322,0.9999840401591539,0.9999929468101912,0.9999851144614961,0.9999873507527638,0.9999922678834033,0.999993462327891,0.9999867069962822,0.0,0.3119618315258328,0.9999978384134812,8.287817609683042,0.9999895111342363,8.055212717959163,0.0,0.49291253957768144,0.4467576546654572
