var1_min,var2_min,var3_min,var4_min,var5_min,var1_max,var2_max,var3_max,var4_max,var5_max,var1_95th,var2_95th,var3_95th,var4_95th,var5_95th,obj1_min,obj2_min,obj1_max,obj2_max,obj1_95th,obj2_95th,cv1_min,cv1_max,cv1_95th
60.00021982665943,90.00090840268044,1.0000832069793277,0.012606469011232456,2.000036411799434,79.99957332196067,109.99978533226074,2.999984464780421,999.9999798500346,8.999855810356419,79.99957174342791,109.99944634373713,2.999973245560273,999.9599351818357,8.999807496180253,0.17548763453909572,0.0029232221570884313,5.694635717445416,210.13196432271306,5.585322286602801,92.31317552650688,0.0,203.04936027072924,90.80699305832476
