var1_min,var2_min,var3_min,var4_min,var5_min,var6_min,var7_min,var8_min,var9_min,var10_min,var1_max,var2_max,var3_max,var4_max,var5_max,var6_max,var7_max,var8_max,var9_max,var10_max,var1_95th,var2_95th,var3_95th,var4_95th,var5_95th,var6_95th,var7_95th,var8_95th,var9_95th,var10_95th,obj1_min,obj2_min,obj1_max,obj2_max,obj1_95th,obj2_95th,cv1_min,cv1_max,cv1_95th
5.657275745040946e-06,4.885469945288268e-06,1.4187971530823185e-06,1.1847829613106354e-05,6.505449614261028e-07,7.907814160188453e-06,6.740966086085976e-06,8.830514240869225e-07,1.1205416619310626e-06,5.493656723693386e-06,0.999999126008398,0.9999978368333746,0.9999950811809516,0.9999889154483868,0.9999991683158138,0.9999985103363962,0.9999993253642677,0.9999993763557541,0.999998242283466,0.9999946375180647,0.9999863653861425,0.999992224668091,0.9999902094118135,0.9999778153139246,0.9999962214469819,0.9999954669846306,0.9999890793109596,0.9999900371260912,0.9999889657432889,0.9999806341199132,0.0,0.15000000000000002,1.0,9.894562974411052,1.0,9.893350910658377,0.0,9.041965295350655,9.04177538878775
