var1_min,var2_min,var3_min,var4_min,var5_min,var6_min,var7_min,var8_min,var9_min,var10_min,var1_max,var2_max,var3_max,var4_max,var5_max,var6_max,var7_max,var8_max,var9_max,var10_max,var1_95th,var2_95th,var3_95th,var4_95th,var5_95th,var6_95th,var7_95th,var8_95th,var9_95th,var10_95th,obj1_min,obj2_min,obj1_max,obj2_max,obj1_95th,obj2_95th,cv1_min,cv1_max,cv1_95th
6.089490199069625e-08,1.4333237186893444e-07,1.8769980360353739e-07,9.939579001267546e-08,8.460242486955927e-08,1.3810520147275462e-07,4.36043744946827e-07,5.6699032711070296e-08,3.502533271375688e-07,5.766078002480274e-08,0.9999998869390221,0.9999999490204471,0.9999998768475847,0.9999999720161727,0.9999999953046308,0.9999999701652968,0.9999996235740669,0.9999999508042601,0.9999996098344508,0.9999998625781679,0.9999946315289258,0.9999933580932813,0.9999945911689648,0.9999934248605996,0.9999948248478507,0.9999956397300829,0.9999957731504273,0.9999957673160931,0.9999937109881015,0.9999952461404407,0.0,0.15000000000000002,1.0,9.895602873174871,1.0,9.883995835025715,0.0,9.042114061186213,9.029593501821974
