var1_min,var2_min,var3_min,var1_max,var2_max,var3_max,var1_95th,var2_95th,var3_95th,obj1_min,obj2_min,obj1_max,obj2_max,obj1_95th,obj2_95th,cv1_min,cv1_max,cv1_95th
0.5105131810654691,0.6000015964879672,0.5100791503030552,70.48990375859864,2.9999921569082444,42.489580200000006,70.4895540216154,2.999976,42.489518285093105,0.0005629770368268472,41732.21693367651,125.94920513562221,10519130483.088215,106.57962705218291,10227671430.59283,0.0,10520223522.602642,10228279533.181393
