var1_min,var2_min,var3_min,var4_min,var5_min,var1_max,var2_max,var3_max,var4_max,var5_max,var1_95th,var2_95th,var3_95th,var4_95th,var5_95th,obj1_min,obj2_min,obj1_max,obj2_max,obj1_95th,obj2_95th,cv1_min,cv1_max,cv1_95th
6.014999995914566e-07,1.3304061264353406e-06,2.9705488872183716e-07,4.933034050986357e-07,7.620733411765196e-07,0.999999376268353,0.9999988594126887,0.9999995667295317,0.9999998798097658,0.9999997989977804,0.99999,0.999990106596858,0.99999,0.9999937098932103,0.9999939679028714,0.0,0.5422304089371739,0.999999376268353,4.664638388458908,0.99999,4.135041822787342,0.0,0.0,0.0
