var1_min,var2_min,var3_min,var4_min,var5_min,var1_max,var2_max,var3_max,var4_max,var5_max,var1_95th,var2_95th,var3_95th,var4_95th,var5_95th,obj1_min,obj2_min,obj1_max,obj2_max,obj1_95th,obj2_95th,cv1_min,cv1_max,cv1_95th
3.7917510531199518e-06,1.077418395024008e-05,1.117762199836072e-05,7.350948116642364e-06,8.187194400675434e-06,0.9999919135360246,0.9999751397624909,0.9999919903907758,0.9999973024503562,0.9999980274777548,0.999959897774781,0.9999582429704891,0.9999673823116464,0.9999649866883219,0.9999609768447209,0.0,0.5422304089371739,0.9999919135360246,4.690196492970732,0.999959897774781,4.664695205470716,0.0,0.03706866480607816,0.0003160927238349807
