var1_min,var2_min,var3_min,var4_min,var5_min,var6_min,var7_min,var8_min,var9_min,var10_min,var1_max,var2_max,var3_max,var4_max,var5_max,var6_max,var7_max,var8_max,var9_max,var10_max,var1_95th,var2_95th,var3_95th,var4_95th,var5_95th,var6_95th,var7_95th,var8_95th,var9_95th,var10_95th,obj1_min,obj2_min,obj1_max,obj2_max,obj1_95th,obj2_95th,cv1_min,cv1_max,cv1_95th
3.482307129107701e-07,8.643630865917685e-09,4.3354224637647684e-08,1.2672547526956098e-07,2.657644847911273e-07,5.471629170545473e-07,2.678436656659497e-08,6.749524489859868e-08,3.389001349812099e-08,2.734947415622413e-08,1.0999997046528391,1.0999997963710262,1.0999999768219186,1.099999934129488,1.0999999746086826,1.099999644215388,1.0999999989259523,1.0999999427313398,1.0999998804690125,1.0999999963449107,1.0999958602339215,1.0999947203787785,1.0999933320979383,1.099994370541111,1.0999948943402365,1.0999939418827163,1.0999953831576181,1.0999949485027787,1.0999952771302652,1.0999937873046517,2.5782597877113106e-06,0.0,21.60871721276668,25.341154857932775,17.200987819407136,20.947960445003112,0.0,641.4226235361264,496.4529728708405
