var1_min,var2_min,var3_min,var4_min,var5_min,var1_max,var2_max,var3_max,var4_max,var5_max,var1_95th,var2_95th,var3_95th,var4_95th,var5_95th,obj1_min,obj2_min,obj1_max,obj2_max,obj1_95th,obj2_95th,cv1_min,cv1_max,cv1_95th
0.05000051556373982,0.20000020236813543,0.20000269463003334,0.35000010311492913,3.000003132103155,0.49999891973712113,0.4999985570928028,0.5999993583145744,0.4999999326500224,5.999999764270199,0.49999555885490926,0.4999970287146207,0.5999960376832996,0.4999985135153862,5.999987023234504,-17.984214590699793,-746.0022286968269,-3.820778529099877e-05,3847.593132847582,-0.00014482792887779268,3091.9582599766914,0.0,16709.303485297598,12452.846191718452
