var1_min,var2_min,var3_min,var4_min,var5_min,var6_min,var7_min,var8_min,var9_min,var10_min,var11_min,var12_min,var13_min,var14_min,var15_min,var16_min,var17_min,var18_min,var19_min,var20_min,var1_max,var2_max,var3_max,var4_max,var5_max,var6_max,var7_max,var8_max,var9_max,var10_max,var11_max,var12_max,var13_max,var14_max,var15_max,var16_max,var17_max,var18_max,var19_max,var20_max,var1_95th,var2_95th,var3_95th,var4_95th,var5_95th,var6_95th,var7_95th,var8_95th,var9_95th,var10_95th,var11_95th,var12_95th,var13_95th,var14_95th,var15_95th,var16_95th,var17_95th,var18_95th,var19_95th,var20_95th,obj1_min,obj2_min,obj1_max,obj2_max,obj1_95th,obj2_95th,cv1_min,cv1_max,cv1_95th
1.0178348151292094e-08,9.774090310547823e-09,6.396539797837164e-09,1.9838520131341963e-08,1.3084556294354344e-09,2.854923530481307e-08,1.372533807528914e-09,7.090537161233423e-08,3.476260191509484e-08,1.950047174171382e-08,1.519157894012274e-08,8.625574830171262e-08,2.3765783056794998e-08,7.067080610035498e-08,4.066227856595189e-08,3.2413365494247948e-09,7.509980338993305e-09,2.2054758314765666e-08,8.690622964845074e-08,6.529610859559026e-08,0.9999999578895902,0.9999999796937469,0.9999999249313852,0.9999999666623232,0.9999999933543141,0.9999999585320619,0.999999926683898,0.9999999400017886,0.9999999771268422,0.999999997913871,0.9999999430331223,0.9999999707159128,0.9999999861428455,0.9999999845902967,0.9999999986872936,0.9999999549723981,0.9999999600471616,0.999999947020129,0.9999999988988142,0.9999999657991716,0.9999972164453235,0.9999972212126013,0.9999974739378402,0.999997542981624,0.9999977269982174,0.9999972691963323,0.9999975493959858,0.999996869402702,0.9999974425101462,0.9999973202332109,0.9999974082110247,0.9999973127968432,0.999997676481591,0.9999972819533112,0.9999981080497431,0.9999977629699289,0.9999970073765275,0.9999972022754751,0.9999978342372461,0.9999975380448013,0.0,0.5422304089371739,0.9999999578895902,17.28164331844024,0.9999972164453235,13.41231822396965,0.0,0.0,0.0
