var1_min,var2_min,var3_min,var4_min,var5_min,var6_min,var7_min,var8_min,var9_min,var10_min,var11_min,var12_min,var13_min,var14_min,var15_min,var16_min,var17_min,var18_min,var19_min,var20_min,var1_max,var2_max,var3_max,var4_max,var5_max,var6_max,var7_max,var8_max,var9_max,var10_max,var11_max,var12_max,var13_max,var14_max,var15_max,var16_max,var17_max,var18_max,var19_max,var20_max,var1_95th,var2_95th,var3_95th,var4_95th,var5_95th,var6_95th,var7_95th,var8_95th,var9_95th,var10_95th,var11_95th,var12_95th,var13_95th,var14_95th,var15_95th,var16_95th,var17_95th,var18_95th,var19_95th,var20_95th,obj1_min,obj2_min,obj1_max,obj2_max,obj1_95th,obj2_95th,cv1_min,cv1_max,cv1_95th
2.6575490924921174e-06,1.6935988399174318e-07,7.963363778867749e-07,8.100202917028842e-07,8.606735343149763e-07,3.6564595368564933e-06,3.106009666436649e-07,7.598735159330405e-08,2.41699304026346e-06,8.690690830149783e-07,1.8038008658230076e-06,5.770374265106182e-07,1.5404106967362384e-06,2.516091944170201e-06,2.124419360490715e-06,2.405588150614846e-06,2.354295771234549e-06,1.66066043988089e-07,2.3219004203874348e-07,6.612891491911854e-07,0.9999935221559942,0.9999995936383647,0.9999998872695238,0.9999999411138393,0.9999985130936239,0.9999997202309229,0.9999932024671012,0.9999991226547645,0.9999985226892357,0.9999988375730295,0.9999985557529836,0.9999993239893537,0.9999999373227858,0.9999979891654073,0.9999990957925249,0.9999980985328335,0.9999996408596704,0.9999987294108743,0.9999991863713309,0.9999985646314584,0.999989456728703,0.9999885894801831,0.9999984160199544,0.9999850040942556,0.9999953496091503,0.9999977574518194,0.99999068678497,0.9999949281929855,0.9999914981783768,0.9999934631419118,0.9999870074286926,0.9999949548362591,0.9999977950428479,0.9999910463436743,0.9999909559834996,0.9999966395350152,0.9999981465703021,0.9999930232154467,0.9999948012421467,0.9999953772547249,0.0,0.15000000000000002,1.0,19.75480313958047,1.0,19.754386104185375,0.0,18.898552285984504,18.89839542690994
