var1_min,var2_min,var3_min,var4_min,var5_min,var6_min,var7_min,var8_min,var9_min,var10_min,var11_min,var12_min,var13_min,var14_min,var15_min,var16_min,var17_min,var18_min,var19_min,var20_min,var1_max,var2_max,var3_max,var4_max,var5_max,var6_max,var7_max,var8_max,var9_max,var10_max,var11_max,var12_max,var13_max,var14_max,var15_max,var16_max,var17_max,var18_max,var19_max,var20_max,var1_95th,var2_95th,var3_95th,var4_95th,var5_95th,var6_95th,var7_95th,var8_95th,var9_95th,var10_95th,var11_95th,var12_95th,var13_95th,var14_95th,var15_95th,var16_95th,var17_95th,var18_95th,var19_95th,var20_95th,obj1_min,obj2_min,obj1_max,obj2_max,obj1_95th,obj2_95th,cv1_min,cv1_max,cv1_95th
3.263692817129932e-08,7.811241994892804e-08,1.3835469749902407e-08,1.0105887798903673e-08,1.240930709873328e-07,9.137307464476829e-10,6.380847289086389e-08,4.671820673374238e-10,3.896262828085445e-08,3.12553846606306e-08,5.764137406098768e-08,4.6138653816800435e-08,5.0026497461913566e-08,3.914335079766712e-08,1.8411825532943515e-08,6.877036544394866e-10,7.698847023437927e-09,2.5727931899505174e-08,1.0038935968278984e-07,2.132851174233702e-08,0.9999999688256281,0.9999999282884631,0.9999999600820546,0.9999999643452713,0.9999999902186704,0.9999999581649869,0.9999999289351753,0.9999999955261554,0.9999999254385309,0.9999999939009391,0.9999999837136244,0.9999999830585063,0.9999999949456714,0.9999999571200566,0.9999999271718227,0.9999999185017888,0.9999999426753488,0.9999999663619958,0.9999999797165395,0.9999999345056609,0.9999981920130131,0.9999972926322201,0.9999970822457611,0.9999974402723588,0.9999978018763808,0.9999970625650412,0.9999972171825096,0.9999979692424762,0.9999973250133296,0.9999974636094081,0.9999971573844321,0.9999972833831279,0.9999975924719031,0.9999979304411617,0.999997274252518,0.9999974376491405,0.9999973496074723,0.9999972738820343,0.9999976525237064,0.9999976255621287,0.0,0.15000000000000002,1.0,19.75529919039313,1.0,19.73641095932135,0.0,18.898537867005956,18.89222486802443
