var1_min,var2_min,var3_min,var4_min,var5_min,var6_min,var7_min,var8_min,var9_min,var10_min,var11_min,var12_min,var13_min,var14_min,var15_min,var16_min,var17_min,var18_min,var19_min,var20_min,var21_min,var22_min,var23_min,var24_min,var25_min,var1_max,var2_max,var3_max,var4_max,var5_max,var6_max,var7_max,var8_max,var9_max,var10_max,var11_max,var12_max,var13_max,var14_max,var15_max,var16_max,var17_max,var18_max,var19_max,var20_max,var21_max,var22_max,var23_max,var24_max,var25_max,var1_95th,var2_95th,var3_95th,var4_95th,var5_95th,var6_95th,var7_95th,var8_95th,var9_95th,var10_95th,var11_95th,var12_95th,var13_95th,var14_95th,var15_95th,var16_95th,var17_95th,var18_95th,var19_95th,var20_95th,var21_95th,var22_95th,var23_95th,var24_95th,var25_95th,obj1_min,obj2_min,obj1_max,obj2_max,obj1_95th,obj2_95th,cv1_min,cv1_max,cv1_95th
6.498108809475933e-06,2.765273867404508e-05,1.2434183991969633e-05,1.940108793462708e-06,3.9737760960294535e-06,5.815765823612151e-07,6.627967124358397e-06,4.293231090947425e-08,3.063964046775766e-06,1.8583062807303596e-06,1.3090566942930426e-07,3.39226048132104e-05,6.567126576914606e-08,2.7784561244716816e-06,4.635241641928918e-05,8.172166329738911e-06,5.8450867235389226e-06,4.097211229823344e-06,2.2473744763600034e-07,2.431945868139676e-05,5.260690362563977e-05,6.456470813651256e-05,5.6972695861882625e-05,3.1235743347978774e-05,2.3456086072678323e-06,89.99998398761619,89.9999936344351,89.9999661947924,89.99999387237511,89.99999585780655,89.99997864318627,89.9999805177567,89.9999679255098,89.99999563909005,89.99999947835171,89.99999622194365,89.99999260790493,89.9999687293303,89.99998916834365,89.99996728769094,89.99999186893383,89.99997458555724,89.99999968758551,89.99999300745088,89.99998668480254,89.9999920354872,89.99999684646215,89.99998747152672,89.99996536740176,89.9999994770713,89.9998266915896,89.99982866299668,89.99985632018846,89.99980013298034,89.99981929970937,89.99981294182906,89.99985372876571,89.99967688121116,89.99990182900908,89.99979632444017,89.99980149703542,89.9997356280062,89.99978843134765,89.99989154229443,89.99978490646535,89.99983000110059,89.99985541889713,89.99972712333789,89.99982052556669,89.99984900156025,89.99988649264468,89.99982019723181,89.99982119369245,89.99976754432102,89.9997853168459,0.1536368768947941,2.4187302340552754e-14,9.998720291532347,15.707024968840091,7.857050131901205,7.92587058135766,0.0,205.85414106768332,191.78931963604765
