var1_min,var2_min,var3_min,var4_min,var5_min,var1_max,var2_max,var3_max,var4_max,var5_max,var1_95th,var2_95th,var3_95th,var4_95th,var5_95th,obj1_min,obj2_min,obj1_max,obj2_max,obj1_95th,obj2_95th,cv1_min,cv1_max,cv1_95th
2.0036400812280253e-07,4.4062662730298685e-08,7.20253958572982e-07,3.0064728989871725e-07,5.619196738999659e-07,0.9999989385323613,0.9999992591156601,0.9999999557356463,0.9999993631509272,0.9999994815389034,0.99999,0.9999912309143817,0.9999900293603362,0.9999943119224664,0.9999937427521861,5.035618990223198e-34,0.0,10.768235794218468,12.824204460592291,8.573301567707569,11.540387250697242,0.0,426456.5649109867,172396.10653556095
