var1_min,var2_min,var3_min,var4_min,var5_min,var6_min,var7_min,var8_min,var9_min,var10_min,var11_min,var12_min,var13_min,var14_min,var15_min,var16_min,var17_min,var18_min,var19_min,var20_min,var1_max,var2_max,var3_max,var4_max,var5_max,var6_max,var7_max,var8_max,var9_max,var10_max,var11_max,var12_max,var13_max,var14_max,var15_max,var16_max,var17_max,var18_max,var19_max,var20_max,var1_95th,var2_95th,var3_95th,var4_95th,var5_95th,var6_95th,var7_95th,var8_95th,var9_95th,var10_95th,var11_95th,var12_95th,var13_95th,var14_95th,var15_95th,var16_95th,var17_95th,var18_95th,var19_95th,var20_95th,obj1_min,obj2_min,obj1_max,obj2_max,obj1_95th,obj2_95th,cv1_min,cv1_max,cv1_95th
4.5715799326141726e-07,2.602771451377592e-07,6.256009496725945e-08,2.9743795881137514e-10,1.5177767594479197e-07,2.8767507375716816e-07,1.481656052571001e-07,1.0473664206062105e-07,2.5601958846249023e-07,2.8662235820701987e-07,3.28663672477178e-07,1.0250771137476633e-07,5.3455086296196747e-08,1.1074971148408025e-07,4.341319219279202e-07,4.3108950553531755e-07,7.436856966054964e-08,2.0184287732698258e-07,3.280649074274833e-08,3.8270133022495767e-07,0.9999998563891461,0.9999990874752909,0.9999998775612364,0.9999995130920545,0.9999999952910783,0.9999997201439366,0.9999998411621436,0.999999498951754,0.9999996685703568,0.9999994463366291,0.999999397029979,0.9999998659102796,0.9999997336339892,0.9999997732284869,0.999999718127002,0.9999998412614761,0.9999996735638303,0.9999999426731381,0.9999998045273677,0.999999973741197,0.9999978868289506,0.9999955062831889,0.9999977117275455,0.9999972265228975,0.9999962190868152,0.9999978103730353,0.9999976086284955,0.9999973187173633,0.9999978150113935,0.9999977879918953,0.9999978358884367,0.9999973225010119,0.9999982123049682,0.9999987593852728,0.9999981909531039,0.9999970892330865,0.999998526371936,0.9999972814603322,0.9999965759992758,0.9999977874605951,0.0,0.0,2.080013258392831,2.165237834797942,1.9695647826316045,1.981429335873708,0.0,0.985526793024666,0.9159799616210437
