var1_min,var2_min,var3_min,var4_min,var5_min,var6_min,var7_min,var8_min,var9_min,var10_min,var1_max,var2_max,var3_max,var4_max,var5_max,var6_max,var7_max,var8_max,var9_max,var10_max,var1_95th,var2_95th,var3_95th,var4_95th,var5_95th,var6_95th,var7_95th,var8_95th,var9_95th,var10_95th,obj1_min,obj2_min,obj1_max,obj2_max,obj1_95th,obj2_95th,cv1_min,cv1_max,cv1_95th
2.063598318812962e-07,3.0543817596158374e-06,1.7652881195012737e-08,9.953405743284502e-07,4.517664426734874e-07,4.924178476648292e-07,1.5100593004548774e-06,1.2116592801141024e-07,3.412443714233271e-08,3.2640061707143314e-06,0.9999991524302004,0.9999990116643976,0.999999796886426,0.9999981815623087,0.9999989741856667,0.9999999876974781,0.9999998638908443,0.9999995194923132,0.9999994828677381,0.999999877440144,0.9999965430280914,0.9999945568331974,0.9999910648671853,0.9999953941512787,0.9999929441278445,0.9999932711459466,0.9999925503762827,0.9999917196571556,0.9999914534635146,0.9999967786990859,0.0,0.0,2.2741873925422373,2.5155604941326315,2.043162452195967,2.2121172007852126,0.0,0.9841781958663416,0.9534337751102868
