var1_min,var2_min,var3_min,var1_max,var2_max,var3_max,var1_95th,var2_95th,var3_95th,obj1_min,obj2_min,obj1_max,obj2_max,obj1_95th,obj2_95th,cv1_min,cv1_max,cv1_95th
0.2000208358758227,-2.225474634914983,-0.48995520387989805,0.9999920487567433,-1.00000988366603,1.48992347750214,0.9999659492693433,-1.0000134612503986,1.4898201844227252,-0.24138420090046023,-1.2824443003782695,2.3789896246453797,1.4861641835498056,2.375975180327555,1.4825541735664873,0.0,1.2900955160112184,1.2873285560298788
