var1_min,var2_min,var3_min,var4_min,var1_max,var2_max,var3_max,var4_max,var1_95th,var2_95th,var3_95th,var4_95th,obj1_min,obj2_min,obj1_max,obj2_max,obj1_95th,obj2_95th,cv1_min,cv1_max,cv1_95th
11.510415848242145,11.51008918888562,11.510147232273788,11.510010091611077,60.489935388326295,60.489510200000005,60.48986485494367,60.489908979646664,60.48951778256112,60.48921470899656,60.48976514400155,60.48912770159364,6.620831489545509e-05,16.462255846774834,12.425786669651607,60.489935388326295,6.861388673977666,60.489816957635455,0.0,1.292784110467697,0.4899565248849613
