var1_min,var2_min,var3_min,var4_min,var5_min,var6_min,var7_min,var8_min,var9_min,var10_min,var11_min,var12_min,var13_min,var14_min,var15_min,var1_max,var2_max,var3_max,var4_max,var5_max,var6_max,var7_max,var8_max,var9_max,var10_max,var11_max,var12_max,var13_max,var14_max,var15_max,var1_95th,var2_95th,var3_95th,var4_95th,var5_95th,var6_95th,var7_95th,var8_95th,var9_95th,var10_95th,var11_95th,var12_95th,var13_95th,var14_95th,var15_95th,obj1_min,obj2_min,obj1_max,obj2_max,obj1_95th,obj2_95th,cv1_min,cv1_max,cv1_95th
3.0598490659717453e-07,2.6215670102195526e-08,4.863638752286223e-08,1.4905349219078087e-07,1.7290661699295717e-08,1.3560768859070295e-07,1.9144510224767403e-07,3.8869036757434305e-08,2.57736166948074e-07,1.640967989876424e-08,2.2696274356009266e-08,3.372767150202488e-08,1.0302964926524327e-07,6.450188055288214e-08,1.4845753359450653e-07,1.4999998978795324,1.4999994136480168,1.4999998432998431,1.499999797813104,1.4999999983079126,1.4999999422174142,1.4999999538976658,1.4999998786406077,1.499999866677895,1.4999995759942535,1.4999999106009019,1.4999999229763425,1.4999998017494884,1.4999997953209405,1.499999765982029,1.4999951998388683,1.4999933208314675,1.4999946476539676,1.499994622184737,1.499994680133495,1.4999957000220214,1.4999950635872183,1.4999963280815343,1.4999947934279576,1.4999943828463085,1.4999955883667078,1.4999952665087875,1.4999958868448584,1.4999944086432833,1.499995323531187,0.0,0.00070354,38.861653263682115,111.05383865078379,29.006562491288907,84.13177957341316,0.0,1.8715067162658222e+18,72097992832120.45
