var1_min,var2_min,var3_min,var4_min,var5_min,var6_min,var7_min,var8_min,var9_min,var10_min,var11_min,var12_min,var13_min,var14_min,var15_min,var1_max,var2_max,var3_max,var4_max,var5_max,var6_max,var7_max,var8_max,var9_max,var10_max,var11_max,var12_max,var13_max,var14_max,var15_max,var1_95th,var2_95th,var3_95th,var4_95th,var5_95th,var6_95th,var7_95th,var8_95th,var9_95th,var10_95th,var11_95th,var12_95th,var13_95th,var14_95th,var15_95th,obj1_min,obj2_min,obj1_max,obj2_max,obj1_95th,obj2_95th,cv1_min,cv1_max,cv1_95th
8.76121695125991e-06,3.023770552549809e-06,2.145381408405352e-06,8.721997256812382e-06,3.2588463410975434e-06,1.975905592325383e-05,6.5565817481253375e-06,1.25183450725962e-05,8.434580476527713e-07,1.3843307831701511e-06,1.762272771947771e-05,2.5434940140284023e-06,6.023270762695251e-06,2.51618377231703e-07,1.3288401973735968e-07,1.4999986908099392,1.499993910681788,1.4999938413079987,1.4999985676646073,1.4999998898215028,1.4999983384662556,1.4999902091647206,1.4999997404403387,1.4999997497899746,1.499997935063368,1.4999999644116193,1.4999998746824532,1.4999918016496039,1.4999983158481975,1.499998676716432,1.499994465843093,1.499981881069031,1.4999898875483229,1.4999920002552702,1.4999930006912192,1.4999801737912262,1.4999816815471767,1.4999882602287826,1.4999834662374512,1.4999842956484142,1.4999735861651087,1.4999868658776903,1.4999604797299853,1.4999833262124573,1.4999911653715685,0.0,0.00070354,42.880500651804205,106.98005272223037,40.14399631405901,102.46868433185561,0.0,6.548093767168562e+19,4.012306816131511e+18
