var1_min,var2_min,var3_min,var4_min,var5_min,var6_min,var7_min,var8_min,var9_min,var10_min,var11_min,var12_min,var13_min,var14_min,var15_min,var16_min,var17_min,var18_min,var19_min,var20_min,var1_max,var2_max,var3_max,var4_max,var5_max,var6_max,var7_max,var8_max,var9_max,var10_max,var11_max,var12_max,var13_max,var14_max,var15_max,var16_max,var17_max,var18_max,var19_max,var20_max,var1_95th,var2_95th,var3_95th,var4_95th,var5_95th,var6_95th,var7_95th,var8_95th,var9_95th,var10_95th,var11_95th,var12_95th,var13_95th,var14_95th,var15_95th,var16_95th,var17_95th,var18_95th,var19_95th,var20_95th,obj1_min,obj2_min,obj3_min,obj1_max,obj2_max,obj3_max,obj1_95th,obj2_95th,obj3_95th,cv1_min,cv1_max,cv1_95th
2.0767955010013674e-06,6.371468908218869e-07,1.5936927710008587e-06,9.524776180902794e-07,4.624286198973628e-06,1.2634533570076379e-07,2.679696372240414e-07,8.697081457631928e-06,1.550442963406553e-06,3.126230403832482e-06,1.87699360317513e-06,5.832300555167888e-06,5.885060779424211e-07,1.6953289072950106e-06,8.511819025392597e-07,2.258888335696385e-06,5.932744634729481e-07,9.608013881782895e-08,3.0877089287088034e-06,7.316260363441529e-07,0.99999824566508,0.999999091273222,0.9999995467820909,0.9999999293309035,0.9999995797711213,0.9999991893268687,0.9999934744738634,0.9999958065849041,0.999997424884285,0.9999998205062877,0.9999884116012587,0.9999995470875519,0.999994740388677,0.9999962019016189,0.9999995755574327,0.9999993866521315,0.99999963082528,0.9999983316247132,0.9999967515805559,0.9999990538767844,0.9999932013056059,0.9999946386778681,0.9999915236061572,0.9999886791051443,0.9999971975478433,0.9999944949932429,0.9999806579783677,0.9999908510572629,0.9999906199034714,0.9999840586401193,0.9999761102600951,0.9999863118661831,0.9999912134919634,0.9999924317679384,0.9999931610974253,0.9999971148821046,0.9999977433334583,0.9999880844293537,0.999990215921522,0.999988462656898,0.3225033021939761,0.48719413859391447,0.5,12.439897417556242,11.876973258794463,11.531007141111646,11.549026649847884,11.105565372887295,10.856145436725848,0.0,113.58979067441821,96.88555943015908
