var1_min,var2_min,var3_min,var4_min,var5_min,var1_max,var2_max,var3_max,var4_max,var5_max,var1_95th,var2_95th,var3_95th,var4_95th,var5_95th,obj1_min,obj2_min,obj1_max,obj2_max,obj1_95th,obj2_95th,cv1_min,cv1_max,cv1_95th
7.737391925596749e-07,2.706367984553526e-06,5.829454457601635e-07,7.365150163705447e-06,8.677314133968505e-06,0.999989044813195,0.9999984839818166,0.999999516471559,0.9999955699249428,0.9999839772309163,0.9999778894743198,0.9999800025552084,0.9999872999543096,0.9999748380628446,0.9999544140016536,0.0,0.15000000000000002,1.0,4.960384059415158,1.0,4.959815948460928,0.0,4.111125745081823,4.110148086021347
