var1_min,var2_min,var3_min,var4_min,var5_min,var1_max,var2_max,var3_max,var4_max,var5_max,var1_95th,var2_95th,var3_95th,var4_95th,var5_95th,obj1_min,obj2_min,obj1_max,obj2_max,obj1_95th,obj2_95th,cv1_min,cv1_max,cv1_95th
2.904466938225686e-07,8.451712382295112e-08,2.2418994388706537e-07,8.189843704866848e-07,2.5143543188003298e-06,0.9999999944964797,0.9999999080561313,0.9999998241077576,0.9999998250579142,0.9999997531763638,0.9999903507444466,0.9999924714412873,0.9999904217301813,0.99999,0.9999912261062497,0.0,0.15000000000000002,1.0,4.962446499232066,1.0,4.875717375586684,0.0,4.1111174228121685,4.077570544653179
