var1_min,var2_min,var3_min,var4_min,var5_min,var1_max,var2_max,var3_max,var4_max,var5_max,var1_95th,var2_95th,var3_95th,var4_95th,var5_95th,obj1_min,obj2_min,obj1_max,obj2_max,obj1_95th,obj2_95th,cv1_min,cv1_max,cv1_95th
60.000022913943994,90.00001349120903,1.0000134731501666,0.0006874328611671324,2.000007308240695,79.9999519883165,109.99990380618685,2.9999967915728725,999.9995510001493,8.999999449963799,79.99980261577373,109.99980191430804,2.999980188416498,999.9900901025745,8.999969720880511,0.2993809854559522,0.0028626872345133224,4.82280971856152,456.83051934071705,4.1350167700874,368.5045895308793,0.0,445.8741234775149,358.4115779754936
