var1_min,var2_min,var3_min,var4_min,var5_min,var6_min,var7_min,var8_min,var9_min,var10_min,var1_max,var2_max,var3_max,var4_max,var5_max,var6_max,var7_max,var8_max,var9_max,var10_max,var1_95th,var2_95th,var3_95th,var4_95th,var5_95th,var6_95th,var7_95th,var8_95th,var9_95th,var10_95th,obj1_min,obj2_min,obj1_max,obj2_max,obj1_95th,obj2_95th,cv1_min,cv1_max,cv1_95th
1.6176864487748777e-05,5.887934671003125e-07,5.42871531208044e-06,3.198376035194567e-06,9.358079328822267e-07,6.768065315288219e-06,1.7233647063597755e-06,8.492373945934028e-06,2.521857493736895e-06,2.0034055574358334e-07,1.4999967576202218,1.4999973366074426,1.4999962594443164,1.4999873167724669,1.499993249938161,1.4999930410009172,1.4999909375162361,1.4999966667233817,1.499998689164717,1.4999937709562545,1.4999842667013543,1.4999912772669555,1.4999789919856985,1.4999760602387306,1.4999894202152868,1.4999776716922442,1.4999810261291457,1.499988401825105,1.4999901934918365,1.4999800604944233,0.0,0.00070354,31.313810167773163,85.51569466368183,28.762270412762142,75.7467449345496,0.0,365788704666320.56,42477834486789.05
