var1_min,var2_min,var3_min,var4_min,var5_min,var6_min,var7_min,var8_min,var9_min,var10_min,var1_max,var2_max,var3_max,var4_max,var5_max,var6_max,var7_max,var8_max,var9_max,var10_max,var1_95th,var2_95th,var3_95th,var4_95th,var5_95th,var6_95th,var7_95th,var8_95th,var9_95th,var10_95th,obj1_min,obj2_min,obj1_max,obj2_max,obj1_95th,obj2_95th,cv1_min,cv1_max,cv1_95th
2.6489015933061494e-07,2.6976820392127232e-08,5.866087339784914e-07,1.9937682971520737e-07,6.770571700748067e-08,5.8502590904487006e-08,2.1235253946406962e-07,3.621967314046664e-07,3.380016208561279e-07,1.5437626471430377e-08,1.4999996904013035,1.4999998228664762,1.4999998351701755,1.4999997672967065,1.4999995427450596,1.4999996772183948,1.4999998825886578,1.4999999452811883,1.4999999764838066,1.4999999726781146,1.4999923971932496,1.499990288718987,1.4999921536724243,1.4999941769426843,1.4999936850576157,1.4999923198536331,1.4999928581315691,1.4999932154648477,1.4999930707932998,1.4999911995511883,0.0,0.00070354,30.860161780796638,78.52113200279585,21.940447796930997,61.09849125025845,0.0,239394779405094.06,57829073967.27559
