var1_min,var2_min,var3_min,var1_max,var2_max,var3_max,var1_95th,var2_95th,var3_95th,obj1_min,obj2_min,obj1_max,obj2_max,obj1_95th,obj2_95th,cv1_min,cv1_max,cv1_95th
0.2000058666026347,-2.2255391847667236,-0.4899962668508802,0.9999988997839229,-1.0000040050094459,1.4899802,0.9999949016475042,-1.0000122554,1.4899772797638007,-0.2427511379576916,-1.2825090774973045,2.3791338862990083,1.4816993786067887,2.2980916937491447,1.4519838700715033,0.0,1.2816993786067887,1.2573985779516015
