var1_min,var2_min,var3_min,var4_min,var5_min,var6_min,var7_min,var8_min,var9_min,var10_min,var1_max,var2_max,var3_max,var4_max,var5_max,var6_max,var7_max,var8_max,var9_max,var10_max,var1_95th,var2_95th,var3_95th,var4_95th,var5_95th,var6_95th,var7_95th,var8_95th,var9_95th,var10_95th,obj1_min,obj2_min,obj1_max,obj2_max,obj1_95th,obj2_95th,cv1_min,cv1_max,cv1_95th
4.4770236093932974e-07,1.11126727261159e-08,5.5738302244301034e-08,1.629244416585358e-07,3.4167976253519127e-07,7.034592892056051e-07,3.4435285870955545e-08,8.677517339208337e-08,4.35706515618636e-08,3.516181570500421e-08,1.4142131826604039,1.414213300577771,1.414213532574225,1.4142134776867574,1.414213529728781,1.4142131049590738,1.4142135609922473,1.414213488745717,1.4142134086982374,1.414213557673934,1.4142082400882465,1.4142067746349718,1.4142049897935238,1.414206324866632,1.4142069982882925,1.4142057737625267,1.4142076267357204,1.4142070679222944,1.4142074904217932,1.41420557502944,2.0130247571014076e-06,0.00492535813378438,23.844836938104415,22.254097422527888,15.966051493379348,15.34666922541756,0.0,1433411.9558224012,297404.41362612805
