var1_min,var2_min,var3_min,var4_min,var5_min,var6_min,var7_min,var1_max,var2_max,var3_max,var4_max,var5_max,var6_max,var7_max,var1_95th,var2_95th,var3_95th,var4_95th,var5_95th,var6_95th,var7_95th,obj1_min,obj2_min,obj1_max,obj2_max,obj1_95th,obj2_95th,cv1_min,cv1_max,cv1_95th
1.2905540055230258e-05,1.0848146396146008e-05,7.897459262384832e-06,1.4612058560521668e-06,-0.4899975363340647,-0.48999681985861143,4.5196071698158646e-05,19.99998860253462,19.999999916753417,9.999999929348816,9.999978082252932,1.489991322448575,1.4899949706062887,39.99997049057736,19.999907712987845,19.99992537045323,9.99996510788765,9.9999,1.4899802987742208,1.489984518704188,39.99972216072134,6.545710901668816,0.016803784841017844,335.9531595373469,39.97694571174508,326.0725492776007,38.305965722902,0.0,50.91971036535837,42.00738076065491
