var1_min,var2_min,var3_min,var4_min,var5_min,var6_min,var7_min,var1_max,var2_max,var3_max,var4_max,var5_max,var6_max,var7_max,var1_95th,var2_95th,var3_95th,var4_95th,var5_95th,var6_95th,var7_95th,obj1_min,obj2_min,obj3_min,obj1_max,obj2_max,obj3_max,obj1_95th,obj2_95th,obj3_95th,cv1_min,cv1_max,cv1_95th
0.5000006452770027,0.45000048816658783,0.5000007897459262,0.5000001461205856,0.8750021774825186,0.40000128490561154,0.400000903921434,1.499999430126731,1.349999996253904,1.4999999929348817,1.4999978082252934,2.6249923304469727,1.1999979679217327,1.1999994098115472,1.4999953856493924,1.3499966416703955,1.499996510788765,1.49999,2.6249825873004475,1.199993744930985,1.199994443214427,20.866607510100504,3.5940216180195512,10.823013940294064,89.7789837458502,4.423689686491443,13.009108595759596,82.03164928590212,4.409743045201841,12.891189266782764,0.0,7.6973282512012355,7.266925542215093
