var1_min,var2_min,var3_min,var4_min,var5_min,var6_min,var7_min,var1_max,var2_max,var3_max,var4_max,var5_max,var6_max,var7_max,var1_95th,var2_95th,var3_95th,var4_95th,var5_95th,var6_95th,var7_95th,obj1_min,obj2_min,obj3_min,obj1_max,obj2_max,obj3_max,obj1_95th,obj2_95th,obj3_95th,cv1_min,cv1_max,cv1_95th
0.5000200598265006,0.45001268355643137,0.5000051660740732,0.5000095919462666,0.8750804231226196,0.4000100527652465,0.4000225427833132,1.499995511500075,1.349980399983285,1.4999735143892006,1.4999985804707534,2.6249720837145123,1.1999944538084406,1.199981413200379,1.4999937920863966,1.3499746007049556,1.4999691911287312,1.499990560040099,2.624925982233424,1.1999918587582237,1.1999690420810305,20.290681813184055,3.594223753725959,10.856456065617616,89.30509364534885,4.423396919077955,12.99599659555205,88.16904490012735,4.420914583509205,12.967152116103419,0.0,8.201952406583942,8.140242894324219
