var1_min,var2_min,var3_min,var4_min,var1_max,var2_max,var3_max,var4_max,var1_95th,var2_95th,var3_95th,var4_95th,obj1_min,obj2_min,obj1_max,obj2_max,obj1_95th,obj2_95th,cv1_min,cv1_max,cv1_95th
0.12504138955043803,0.10001802715327979,0.10002975907534713,0.12500100442229484,4.999993569172942,9.999901000000001,9.999972684033123,4.999990940705951,4.999952004695498,9.999841274378644,9.999952530126896,4.999913179772744,0.178371910254516,0.00044053309118103294,318.45357649480826,14197.36398095791,306.22234372592783,9118.143713757308,0.0,346630247.6032669,221093742.9606236
