var1_min,var2_min,var3_min,var4_min,var5_min,var1_max,var2_max,var3_max,var4_max,var5_max,var1_95th,var2_95th,var3_95th,var4_95th,var5_95th,obj1_min,obj2_min,obj1_max,obj2_max,obj1_95th,obj2_95th,cv1_min,cv1_max,cv1_95th
0.05000494609983724,0.2000136260402066,0.20001664139586559,0.35000189097035167,3.0000156050569005,0.4999903997441149,0.4999967799839112,0.5999968929560842,0.4999999969775052,5.9999382044384655,0.4999903642271277,0.4999916951560569,0.5999946491120545,0.49999399027727537,5.999917498362966,-1.7771929126529098,-886.2439820405025,-0.0001976645200551844,4188.669285768969,-0.0003868120307511893,4077.967008614591,0.0,15329.483997696423,14481.143445114427
