var1_min,var2_min,var3_min,var4_min,var5_min,var6_min,var7_min,var8_min,var9_min,var10_min,var11_min,var12_min,var13_min,var14_min,var15_min,var16_min,var17_min,var18_min,var1_max,var2_max,var3_max,var4_max,var5_max,var6_max,var7_max,var8_max,var9_max,var10_max,var11_max,var12_max,var13_max,var14_max,var15_max,var16_max,var17_max,var18_max,var1_95th,var2_95th,var3_95th,var4_95th,var5_95th,var6_95th,var7_95th,var8_95th,var9_95th,var10_95th,var11_95th,var12_95th,var13_95th,var14_95th,var15_95th,var16_95th,var17_95th,var18_95th,obj1_min,obj2_min,obj1_max,obj2_max,obj1_95th,obj2_95th,cv1_min,cv1_max,cv1_95th
-0.9999933361921283,-0.9999759518997376,-0.9999981420545168,-0.9999943236111652,-0.9999982988993218,-0.9999806157167862,-0.9999935253432077,-0.9999893357734831,-0.999998626823823,-0.9999985727200325,8.057788481732294e-06,1.576223147482784e-05,0.00032121068129069746,0.000699847484146171,0.0011614085395094537,0.005543107576271712,0.0050539069044944806,0.003878114539697594,0.999955287885776,0.9999856720285174,0.9999911426079295,0.9999978155150535,0.9999911656791249,0.9999973672485418,0.9999936991660492,0.9999987801423991,0.9999901938803291,0.9999725831245787,1.999998809677913,1.9999935990932542,499.99510945710176,499.9956581528983,499.99859751159084,499.9916241415336,499.99319302434117,499.9976835858166,0.9999503116670216,0.9999800869548516,0.9999719416323399,0.9999812463810508,0.9999904662370138,0.9999953854410668,0.9999396373716247,0.9999794630145383,0.9999388557429881,0.9999634663402435,1.9999870281573802,1.9999912824049766,499.98981053733894,499.99438606045294,499.9983048953322,499.98884558534917,499.9806623103815,499.9976089766546,-1420.910964882071,0.007511067047381804,1405.1141648844107,4.032439427928569,1396.7265111854795,4.016666156774758,0.0,137804.77498533373,88237.7471957151
