var1_min,var2_min,var3_min,var4_min,var5_min,var6_min,var7_min,var8_min,var9_min,var10_min,var1_max,var2_max,var3_max,var4_max,var5_max,var6_max,var7_max,var8_max,var9_max,var10_max,var1_95th,var2_95th,var3_95th,var4_95th,var5_95th,var6_95th,var7_95th,var8_95th,var9_95th,var10_95th,obj1_min,obj2_min,obj1_max,obj2_max,obj1_95th,obj2_95th,cv1_min,cv1_max,cv1_95th
3.4873264564144247e-06,2.6514417575957597e-06,6.794006105921091e-07,3.0733194286477473e-07,4.574773825601103e-06,2.463404041644998e-06,2.7781945438475523e-06,2.0257494183758775e-06,2.1369905876503647e-05,9.307241254806313e-06,1.0999945302158507,1.0999940158915904,1.0999996357977317,1.0999933084005535,1.0999961180070588,1.0999964663437263,1.0999995595634142,1.0999979765111705,1.0999941896537673,1.0999940534505344,1.099988361551699,1.0999803872721203,1.0999916732916015,1.0999855667292453,1.099992481250681,1.0999825430055756,1.0999782687199116,1.0999883690831664,1.0999853636994028,1.0999821623976966,3.304625527030218e-05,0.0,23.888580144456935,27.718237031248265,22.612704861589965,24.75405456572984,0.0,778.2270726890815,667.5610972183267
