var1_min,var2_min,var3_min,var4_min,var5_min,var6_min,var7_min,var8_min,var9_min,var10_min,var1_max,var2_max,var3_max,var4_max,var5_max,var6_max,var7_max,var8_max,var9_max,var10_max,var1_95th,var2_95th,var3_95th,var4_95th,var5_95th,var6_95th,var7_95th,var8_95th,var9_95th,var10_95th,obj1_min,obj2_min,obj1_max,obj2_max,obj1_95th,obj2_95th,cv1_min,cv1_max,cv1_95th
3.1657337537342733e-07,7.85784624174335e-09,3.941293148877062e-08,1.1520497751778269e-07,2.41604077082843e-07,4.97420833685952e-07,2.4349424151449972e-08,6.135931354418062e-08,3.080910318010999e-08,2.4863158323840118e-08,0.999999731502581,0.999999814882751,0.9999999789290169,0.9999999401177163,0.9999999769169842,0.9999996765594437,0.999999999023593,0.9999999479375816,0.999999891335466,0.9999999966771914,0.9999962365762922,0.9999952003443441,0.9999939382708528,0.9999948823101009,0.9999953584911239,0.9999944926206511,0.9999958028705617,0.9999954077297988,0.9999957064820593,0.9999943520951379,0.0,0.15000000000000002,1.0,9.895611494072067,1.0,9.868110413861503,0.0,9.041723800614076,9.016225221446172
