var1_min,var2_min,var3_min,var4_min,var1_max,var2_max,var3_max,var4_max,var1_95th,var2_95th,var3_95th,var4_95th,obj1_min,obj2_min,obj1_max,obj2_max,obj1_95th,obj2_95th,cv1_min,cv1_max,cv1_95th
1.0000194366471011,1.0002174711323362,1.0001346129867438e-06,1.0003873160930257,15.998632634831159,15.999791500404607,1.5999082907238773e-05,15.999185435439653,15.99853933590731,15.999689897937557,1.5999049697573822e-05,15.999090063200303,-2.4313189457238554e+17,-111896.62468147594,5403364302495139.0,102897.63793755433,942771349600328.4,40405.22885828765,0.0,3.0316631112416604e+18,5.785105249815468e+17
