var1_min,var2_min,var3_min,var4_min,var1_max,var2_max,var3_max,var4_max,var1_95th,var2_95th,var3_95th,var4_95th,obj1_min,obj2_min,obj1_max,obj2_max,obj1_95th,obj2_95th,cv1_min,cv1_max,cv1_95th
1.0001273524628862,1.0000273138686058,1.0000450895081018e-06,1.000003090530138,15.99998021283982,15.99985,1.5999958612171397e-05,15.99997212524908,15.999852322139992,15.99975950663431,1.599992807594984e-05,15.999732860839211,-2.57347678039621e+21,-6541678.420946926,3.4945275357842107e+21,3711981.2601043065,2.4294728338799816e+16,170323.8595920106,0.0,9.694360746450734e+22,1.9394180897167104e+18
