var1_min,var2_min,var3_min,var4_min,var5_min,var1_max,var2_max,var3_max,var4_max,var5_max,var1_95th,var2_95th,var3_95th,var4_95th,var5_95th,obj1_min,obj2_min,obj3_min,obj1_max,obj2_max,obj3_max,obj1_95th,obj2_95th,obj3_95th,cv1_min,cv1_max,cv1_95th
1.0991332971632683e-05,1.975484151144822e-05,3.15727055360377e-05,4.678879084042964e-06,5.201685633414743e-06,0.9999836984026158,0.9999892666130372,0.9999922323902105,0.9999999798500346,0.9999981165628182,0.9999645690900373,0.9999720779342612,0.9999646357921077,0.9999618573495374,0.9999724994543219,0.0,0.0,0.0,312.4179917773221,299.5334594439309,321.8071513962925,290.861618581578,294.5015183824827,307.7919161510421,0.0,2.595237882504896,2.593551758642237
