var1_min,var2_min,var3_min,var1_max,var2_max,var3_max,var1_95th,var2_95th,var3_95th,obj1_min,obj2_min,obj1_max,obj2_max,obj1_95th,obj2_95th,cv1_min,cv1_max,cv1_95th
0.000743325256003057,7.652032531727348e-05,1.0000037708576968,99.9998624730041,99.99967320454287,2.99998,99.99936270600175,99.99900000010001,2.9999770502664656,1.0572893258750182,0.3338454013718922,787.1870083401623,67733.28355198441,741.3702743448035,48335.08105375404,0.0,1003687.1021529454,6669.311669031581
