var1_min,var2_min,var3_min,var1_max,var2_max,var3_max,var1_95th,var2_95th,var3_95th,obj1_min,obj2_min,obj1_max,obj2_max,obj1_95th,obj2_95th,cv1_min,cv1_max,cv1_95th
0.0026144842173866562,0.00534357364756521,1.0000452486061635,99.99900609469229,99.99919352570772,2.999922704547616,99.99574365909356,99.99890160671605,2.999818368103763,3.4125642878540536,0.334991898234581,798.9234312953104,17571.174377466825,779.6577907719418,15764.764450347448,0.0,798.8234312953103,779.5577907719418
