var1_min,var2_min,var3_min,var4_min,var5_min,var1_max,var2_max,var3_max,var4_max,var5_max,var1_95th,var2_95th,var3_95th,var4_95th,var5_95th,obj1_min,obj2_min,obj1_max,obj2_max,obj1_95th,obj2_95th,cv1_min,cv1_max,cv1_95th
2.204004089350828e-07,4.846892900332856e-08,7.922793544302802e-07,3.30712018888589e-07,6.181116412899625e-07,1.0999988323855976,1.0999991850272262,1.099999951309211,1.09999929946602,1.0999994296927937,1.099989,1.09999035400582,1.09998903229637,1.099993743114713,1.0999931170274049,2.828044734297416e-07,0.0,13.855227978175304,14.253743398324406,10.655426738590853,11.936485887671395,0.0,203.46295088688095,167.16539121839233
