var1_min,var2_min,var3_min,var4_min,var5_min,var1_max,var2_max,var3_max,var4_max,var5_max,var1_95th,var2_95th,var3_95th,var4_95th,var5_95th,obj1_min,obj2_min,obj1_max,obj2_max,obj1_95th,obj2_95th,cv1_min,cv1_max,cv1_95th
1.4954600828266942e-06,6.950556823485886e-06,1.933462774118302e-06,3.893843669297717e-06,1.32923646592952e-06,1.0999987738588048,1.0999976810101026,1.099997311520467,1.0999933835617652,1.0999841016854612,1.0999821899473403,1.0999826781756021,1.09995942328791,1.099984931741524,1.0999659621360327,7.670517524408523e-06,0.0,13.825202570113577,13.846212086469269,13.341210864210835,13.735537645748131,0.0,201.5096030016848,196.76955443332224
